identifier,source,source_id_ref,ui_active_flag,plan,email_present,pedagogical_id_exact_match,pedagogical_rows,firestore_document_verified,canonical_student_id,subscription_id,contract_start,contract_end,cancellation_evidence,operational_eligible
b0f3ce4f95412f94,authenticated_ui_export,b0f3ce4f95412f94,sim,Diamond,True,True,60,False,,,,,NOT_EXPORTED,UNDETERMINED
c3523874151ecf4d,authenticated_ui_export,c3523874151ecf4d,sim,Diamond,True,True,53,False,,,,,NOT_EXPORTED,UNDETERMINED
7c9434a7f0d1c48f,authenticated_ui_export,7c9434a7f0d1c48f,sim,Diamond,True,True,60,False,,,,,NOT_EXPORTED,UNDETERMINED
53137b0703cc6480,authenticated_ui_export,53137b0703cc6480,sim,Premium,True,True,21,False,,,,,NOT_EXPORTED,UNDETERMINED
ddfbbb1dabbc5f43,authenticated_ui_export,ddfbbb1dabbc5f43,sim,Diamond,True,True,60,False,,,,,NOT_EXPORTED,UNDETERMINED
78baf8c1817166c7,authenticated_ui_export,78baf8c1817166c7,sim,Diamond,True,True,60,False,,,,,NOT_EXPORTED,UNDETERMINED
e7ee9c55a45b9d9e,authenticated_ui_export,e7ee9c55a45b9d9e,sim,Diamond,True,True,53,False,,,,,NOT_EXPORTED,UNDETERMINED
5df8b73f77676d99,authenticated_ui_export,5df8b73f77676d99,sim,,True,False,0,False,,,,,NOT_EXPORTED,UNDETERMINED
b617de2b461e73c5,authenticated_ui_export,b617de2b461e73c5,sim,Diamond,True,True,54,False,,,,,NOT_EXPORTED,UNDETERMINED
43d2a28cb5407ec6,authenticated_ui_export,43d2a28cb5407ec6,sim,Diamond,True,True,32,False,,,,,NOT_EXPORTED,UNDETERMINED
1af3c347b9f4803c,authenticated_ui_export,1af3c347b9f4803c,sim,Turma,True,True,21,False,,,,,NOT_EXPORTED,UNDETERMINED
0e38e1dc74a58e9b,authenticated_ui_export,0e38e1dc74a58e9b,sim,Diamond,True,True,53,False,,,,,NOT_EXPORTED,UNDETERMINED
c36b750dc9d4c771,authenticated_ui_export,c36b750dc9d4c771,sim,Diamond,True,True,69,False,,,,,NOT_EXPORTED,UNDETERMINED
77d9c97f3856dafd,authenticated_ui_export,77d9c97f3856dafd,sim,,True,False,0,False,,,,,NOT_EXPORTED,UNDETERMINED
41535602ca36ca98,authenticated_ui_export,41535602ca36ca98,sim,Diamond,True,True,53,False,,,,,NOT_EXPORTED,UNDETERMINED
2a4b6d5307572057,authenticated_ui_export,2a4b6d5307572057,sim,,True,False,0,False,,,,,NOT_EXPORTED,UNDETERMINED
7858899362d5c00d,authenticated_ui_export,7858899362d5c00d,sim,Diamond,True,True,72,False,,,,,NOT_EXPORTED,UNDETERMINED
3db821037b80d6ea,authenticated_ui_export,3db821037b80d6ea,sim,Gold,True,True,33,False,,,,,NOT_EXPORTED,UNDETERMINED
335ffd55f3d64169,authenticated_ui_export,335ffd55f3d64169,sim,Turma,True,True,47,False,,,,,NOT_EXPORTED,UNDETERMINED
3ed08e8e900ad252,authenticated_ui_export,3ed08e8e900ad252,sim,,True,False,0,False,,,,,NOT_EXPORTED,UNDETERMINED
b0bdc505709556f2,authenticated_ui_export,b0bdc505709556f2,sim,Diamond,True,True,55,False,,,,,NOT_EXPORTED,UNDETERMINED
dcecb8a4ee68d131,authenticated_ui_export,dcecb8a4ee68d131,sim,Gold,True,True,70,False,,,,,NOT_EXPORTED,UNDETERMINED
385fdfd1eeb697a4,authenticated_ui_export,385fdfd1eeb697a4,sim,Diamond,True,True,55,False,,,,,NOT_EXPORTED,UNDETERMINED
f1fcf0458938c8da,authenticated_ui_export,f1fcf0458938c8da,sim,Premium,True,True,12,False,,,,,NOT_EXPORTED,UNDETERMINED
dc34a2be7f67c8bf,authenticated_ui_export,dc34a2be7f67c8bf,sim,,True,False,0,False,,,,,NOT_EXPORTED,UNDETERMINED
c87067748b981e29,authenticated_ui_export,c87067748b981e29,sim,Diamond,True,True,32,False,,,,,NOT_EXPORTED,UNDETERMINED
7905180c6f632a33,authenticated_ui_export,7905180c6f632a33,sim,Premium,True,True,24,False,,,,,NOT_EXPORTED,UNDETERMINED
91b652f81c126fa7,authenticated_ui_export,91b652f81c126fa7,sim,Diamond,True,True,48,False,,,,,NOT_EXPORTED,UNDETERMINED
8389e4ed9c64ab62,authenticated_ui_export,8389e4ed9c64ab62,sim,,True,False,0,False,,,,,NOT_EXPORTED,UNDETERMINED
6c1e053942e3c728,authenticated_ui_export,6c1e053942e3c728,sim,,True,False,0,False,,,,,NOT_EXPORTED,UNDETERMINED
a78c738c7e3e2b8b,authenticated_ui_export,a78c738c7e3e2b8b,sim,,True,False,0,False,,,,,NOT_EXPORTED,UNDETERMINED
e9428fb77a199012,authenticated_ui_export,e9428fb77a199012,sim,Diamond,True,True,58,False,,,,,NOT_EXPORTED,UNDETERMINED
51016cd4100c9b9a,authenticated_ui_export,51016cd4100c9b9a,sim,Diamond,True,True,34,False,,,,,NOT_EXPORTED,UNDETERMINED
f3a760657b4bd345,authenticated_ui_export,f3a760657b4bd345,sim,Gold,True,True,22,False,,,,,NOT_EXPORTED,UNDETERMINED
1ee61909e214be19,authenticated_ui_export,1ee61909e214be19,sim,Diamond,True,True,60,False,,,,,NOT_EXPORTED,UNDETERMINED
3d669092778634fe,authenticated_ui_export,3d669092778634fe,sim,Diamond,True,True,58,False,,,,,NOT_EXPORTED,UNDETERMINED
b5999764422a451f,authenticated_ui_export,b5999764422a451f,sim,Gold,True,True,35,False,,,,,NOT_EXPORTED,UNDETERMINED
831403888eb65e08,authenticated_ui_export,831403888eb65e08,sim,Diamond,True,True,53,False,,,,,NOT_EXPORTED,UNDETERMINED
e20bb98ff7c469b3,authenticated_ui_export,e20bb98ff7c469b3,sim,Gold,True,True,32,False,,,,,NOT_EXPORTED,UNDETERMINED
d06a9cdb83aa38f4,authenticated_ui_export,d06a9cdb83aa38f4,sim,Diamond,True,True,55,False,,,,,NOT_EXPORTED,UNDETERMINED
7c49d4a94485357d,authenticated_ui_export,7c49d4a94485357d,sim,Gold,True,True,37,False,,,,,NOT_EXPORTED,UNDETERMINED
6c959ab4360d1678,authenticated_ui_export,6c959ab4360d1678,sim,Diamond,True,True,60,False,,,,,NOT_EXPORTED,UNDETERMINED
ee2e09ffcb66026b,authenticated_ui_export,ee2e09ffcb66026b,sim,Turma,True,True,23,False,,,,,NOT_EXPORTED,UNDETERMINED
1169f45ac490b78b,authenticated_ui_export,1169f45ac490b78b,sim,Diamond,True,True,175,False,,,,,NOT_EXPORTED,UNDETERMINED
c7c751042221c78b,authenticated_ui_export,c7c751042221c78b,sim,,True,False,0,False,,,,,NOT_EXPORTED,UNDETERMINED
8b37a3455ac87a63,authenticated_ui_export,8b37a3455ac87a63,sim,Gold,True,True,72,False,,,,,NOT_EXPORTED,UNDETERMINED
1c71c2bd24553b5b,authenticated_ui_export,1c71c2bd24553b5b,sim,Diamond,True,True,60,False,,,,,NOT_EXPORTED,UNDETERMINED
a387ebd7543fdd8e,authenticated_ui_export,a387ebd7543fdd8e,sim,Premium,True,True,22,False,,,,,NOT_EXPORTED,UNDETERMINED
b2a480696c760c4b,authenticated_ui_export,b2a480696c760c4b,sim,Diamond,True,True,58,False,,,,,NOT_EXPORTED,UNDETERMINED
b7731a24db20998f,authenticated_ui_export,b7731a24db20998f,sim,Diamond,True,True,67,False,,,,,NOT_EXPORTED,UNDETERMINED
994185209539a46e,authenticated_ui_export,994185209539a46e,sim,,True,False,0,False,,,,,NOT_EXPORTED,UNDETERMINED
dabb6deeaa7a84fe,authenticated_ui_export,dabb6deeaa7a84fe,sim,Gold,True,True,33,False,,,,,NOT_EXPORTED,UNDETERMINED
f6797f34cfb71355,authenticated_ui_export,f6797f34cfb71355,sim,Premium,True,True,22,False,,,,,NOT_EXPORTED,UNDETERMINED
1393d7c3c8ec1856,authenticated_ui_export,1393d7c3c8ec1856,sim,Diamond,True,True,47,False,,,,,NOT_EXPORTED,UNDETERMINED
d4b44cc2e8b132b7,authenticated_ui_export,d4b44cc2e8b132b7,sim,Diamond,True,True,56,False,,,,,NOT_EXPORTED,UNDETERMINED
3b97e3ee11bbae16,authenticated_ui_export,3b97e3ee11bbae16,sim,Premium,True,True,24,False,,,,,NOT_EXPORTED,UNDETERMINED
60a7b20921cc6d1f,authenticated_ui_export,60a7b20921cc6d1f,sim,Diamond,True,True,58,False,,,,,NOT_EXPORTED,UNDETERMINED
643bef3538afcad8,authenticated_ui_export,643bef3538afcad8,sim,Gold,True,True,23,False,,,,,NOT_EXPORTED,UNDETERMINED
322704f33e1ad233,authenticated_ui_export,322704f33e1ad233,sim,Diamond,True,True,55,False,,,,,NOT_EXPORTED,UNDETERMINED
b97169df41565e70,authenticated_ui_export,b97169df41565e70,sim,Turma,True,False,0,False,,,,,NOT_EXPORTED,UNDETERMINED
b0f337534379bd4d,authenticated_ui_export,b0f337534379bd4d,sim,Diamond,True,True,55,False,,,,,NOT_EXPORTED,UNDETERMINED
510aae49be546518,authenticated_ui_export,510aae49be546518,sim,Gold,True,True,36,False,,,,,NOT_EXPORTED,UNDETERMINED
4540e1636ababa27,authenticated_ui_export,4540e1636ababa27,sim,,True,False,0,False,,,,,NOT_EXPORTED,UNDETERMINED
d4aca3e0f45b3414,authenticated_ui_export,d4aca3e0f45b3414,sim,Diamond,True,True,55,False,,,,,NOT_EXPORTED,UNDETERMINED
350450c5e362d6a6,authenticated_ui_export,350450c5e362d6a6,sim,Gold,True,True,34,False,,,,,NOT_EXPORTED,UNDETERMINED
393032670e4b8d55,authenticated_ui_export,393032670e4b8d55,sim,Gold,True,True,34,False,,,,,NOT_EXPORTED,UNDETERMINED
a2c7aebc836afbb7,authenticated_ui_export,a2c7aebc836afbb7,sim,Gold,True,True,36,False,,,,,NOT_EXPORTED,UNDETERMINED
b58a0122faef0144,authenticated_ui_export,b58a0122faef0144,sim,Turma,True,True,48,False,,,,,NOT_EXPORTED,UNDETERMINED
eb0010cc95751f41,authenticated_ui_export,eb0010cc95751f41,sim,,True,False,0,False,,,,,NOT_EXPORTED,UNDETERMINED
8b35ccf30f40d945,authenticated_ui_export,8b35ccf30f40d945,sim,Diamond,True,True,60,False,,,,,NOT_EXPORTED,UNDETERMINED
bc148518911e314e,authenticated_ui_export,bc148518911e314e,sim,Gold,True,True,36,False,,,,,NOT_EXPORTED,UNDETERMINED
6baf1f0212db03fe,authenticated_ui_export,6baf1f0212db03fe,sim,Turma,True,True,22,False,,,,,NOT_EXPORTED,UNDETERMINED
f185df6ced33e19a,authenticated_ui_export,f185df6ced33e19a,sim,,True,False,0,False,,,,,NOT_EXPORTED,UNDETERMINED
6e8d87ccd2ed6f25,authenticated_ui_export,6e8d87ccd2ed6f25,sim,Turma,True,True,22,False,,,,,NOT_EXPORTED,UNDETERMINED
b30ea0470861b9ef,authenticated_ui_export,b30ea0470861b9ef,sim,,True,False,0,False,,,,,NOT_EXPORTED,UNDETERMINED
2e22e91ef68aed9b,authenticated_ui_export,2e22e91ef68aed9b,sim,Diamond,True,False,0,False,,,,,NOT_EXPORTED,UNDETERMINED
c70935bf150a9878,authenticated_ui_export,c70935bf150a9878,sim,Gold,True,True,34,False,,,,,NOT_EXPORTED,UNDETERMINED
872d3acef6df3717,authenticated_ui_export,872d3acef6df3717,sim,Gold,True,True,73,False,,,,,NOT_EXPORTED,UNDETERMINED
68a1f8eb1b17a522,authenticated_ui_export,68a1f8eb1b17a522,sim,Turma,True,True,47,False,,,,,NOT_EXPORTED,UNDETERMINED
c573af93474aa2ec,authenticated_ui_export,c573af93474aa2ec,sim,Diamond,True,True,55,False,,,,,NOT_EXPORTED,UNDETERMINED
2af1e3cf320904ab,authenticated_ui_export,2af1e3cf320904ab,sim,Diamond,True,True,23,False,,,,,NOT_EXPORTED,UNDETERMINED
cd51e59edeb3667a,authenticated_ui_export,cd51e59edeb3667a,sim,,True,False,0,False,,,,,NOT_EXPORTED,UNDETERMINED
8863250bf16425be,authenticated_ui_export,8863250bf16425be,sim,,True,False,0,False,,,,,NOT_EXPORTED,UNDETERMINED
8c47581e5aa1228f,authenticated_ui_export,8c47581e5aa1228f,sim,Diamond,True,True,60,False,,,,,NOT_EXPORTED,UNDETERMINED
bc5973dfc3d52d26,authenticated_ui_export,bc5973dfc3d52d26,sim,Diamond,True,True,55,False,,,,,NOT_EXPORTED,UNDETERMINED
94ac72e52a5e058d,authenticated_ui_export,94ac72e52a5e058d,sim,Gold,True,True,12,False,,,,,NOT_EXPORTED,UNDETERMINED
da943ebbabcca19c,authenticated_ui_export,da943ebbabcca19c,sim,Diamond,True,True,65,False,,,,,NOT_EXPORTED,UNDETERMINED
7eb3b6447f8cb7a8,authenticated_ui_export,7eb3b6447f8cb7a8,sim,,True,False,0,False,,,,,NOT_EXPORTED,UNDETERMINED
368862290d1b741c,authenticated_ui_export,368862290d1b741c,sim,Gold,True,True,24,False,,,,,NOT_EXPORTED,UNDETERMINED
27d7aa206fffce90,authenticated_ui_export,27d7aa206fffce90,sim,Gold,True,True,55,False,,,,,NOT_EXPORTED,UNDETERMINED
be8af76e8881c6a5,authenticated_ui_export,be8af76e8881c6a5,sim,Diamond,True,True,55,False,,,,,NOT_EXPORTED,UNDETERMINED
45b25d5ae2cee718,authenticated_ui_export,45b25d5ae2cee718,sim,Diamond,True,True,60,False,,,,,NOT_EXPORTED,UNDETERMINED
68c49d7c299aa4d7,authenticated_ui_export,68c49d7c299aa4d7,sim,Diamond,True,True,60,False,,,,,NOT_EXPORTED,UNDETERMINED
5b610b7b253ae613,authenticated_ui_export,5b610b7b253ae613,sim,,True,False,0,False,,,,,NOT_EXPORTED,UNDETERMINED
58a8f4562e207448,authenticated_ui_export,58a8f4562e207448,sim,Diamond,True,False,0,False,,,,,NOT_EXPORTED,UNDETERMINED
cda44b07998ae1d4,authenticated_ui_export,cda44b07998ae1d4,sim,Diamond,True,True,35,False,,,,,NOT_EXPORTED,UNDETERMINED
4fe28457c3b2cdf7,authenticated_ui_export,4fe28457c3b2cdf7,sim,Gold,True,True,23,False,,,,,NOT_EXPORTED,UNDETERMINED
6556f5c4b3590cc4,authenticated_ui_export,6556f5c4b3590cc4,sim,Diamond,True,True,55,False,,,,,NOT_EXPORTED,UNDETERMINED
74fd5e7c793abf43,authenticated_ui_export,74fd5e7c793abf43,sim,,True,False,0,False,,,,,NOT_EXPORTED,UNDETERMINED
26481f2930055c0b,authenticated_ui_export,26481f2930055c0b,sim,,True,False,0,False,,,,,NOT_EXPORTED,UNDETERMINED
2e6596fdd70ca8c6,authenticated_ui_export,2e6596fdd70ca8c6,sim,Diamond,True,True,55,False,,,,,NOT_EXPORTED,UNDETERMINED
e7e0b5014fc7eba9,authenticated_ui_export,e7e0b5014fc7eba9,sim,Gold,True,True,34,False,,,,,NOT_EXPORTED,UNDETERMINED
ba3d116a5c5248e5,authenticated_ui_export,ba3d116a5c5248e5,sim,Turma,True,True,48,False,,,,,NOT_EXPORTED,UNDETERMINED
d2ce605244023369,authenticated_ui_export,d2ce605244023369,sim,Gold,True,True,12,False,,,,,NOT_EXPORTED,UNDETERMINED
51cdcd78700e41e1,authenticated_ui_export,51cdcd78700e41e1,sim,Diamond,True,True,55,False,,,,,NOT_EXPORTED,UNDETERMINED
5353e7e37a04e263,authenticated_ui_export,5353e7e37a04e263,sim,Diamond,True,True,65,False,,,,,NOT_EXPORTED,UNDETERMINED
41161e854f0bc9c1,authenticated_ui_export,41161e854f0bc9c1,sim,Gold,True,True,22,False,,,,,NOT_EXPORTED,UNDETERMINED
0cbef6d40744deed,authenticated_ui_export,0cbef6d40744deed,sim,Gold,True,True,34,False,,,,,NOT_EXPORTED,UNDETERMINED
b71b5f976d7b2d94,authenticated_ui_export,b71b5f976d7b2d94,sim,Diamond,True,True,60,False,,,,,NOT_EXPORTED,UNDETERMINED
6e0277eda77cb627,authenticated_ui_export,6e0277eda77cb627,sim,Premium,True,True,25,False,,,,,NOT_EXPORTED,UNDETERMINED
d8c0bc99f9d46427,authenticated_ui_export,d8c0bc99f9d46427,sim,Gold,True,True,35,False,,,,,NOT_EXPORTED,UNDETERMINED
491d0a77557b2d3d,authenticated_ui_export,491d0a77557b2d3d,sim,Diamond,True,True,58,False,,,,,NOT_EXPORTED,UNDETERMINED
fcb1b70d72df2718,authenticated_ui_export,fcb1b70d72df2718,sim,Diamond,True,True,55,False,,,,,NOT_EXPORTED,UNDETERMINED
b1bfe9e6beeb5a9c,authenticated_ui_export,b1bfe9e6beeb5a9c,sim,Premium,True,True,11,False,,,,,NOT_EXPORTED,UNDETERMINED
88e16d6bc540db7b,authenticated_ui_export,88e16d6bc540db7b,sim,Gold,True,True,49,False,,,,,NOT_EXPORTED,UNDETERMINED
1f1b4164e32d1fbd,authenticated_ui_export,1f1b4164e32d1fbd,sim,Diamond,True,True,56,False,,,,,NOT_EXPORTED,UNDETERMINED
f74b4c8de3d4b80e,authenticated_ui_export,f74b4c8de3d4b80e,sim,,True,False,0,False,,,,,NOT_EXPORTED,UNDETERMINED
9e1a60cab2ce7011,authenticated_ui_export,9e1a60cab2ce7011,sim,Diamond,True,True,62,False,,,,,NOT_EXPORTED,UNDETERMINED
ce16709de0657586,authenticated_ui_export,ce16709de0657586,sim,Diamond,True,True,61,False,,,,,NOT_EXPORTED,UNDETERMINED
276f839bd8f199f1,authenticated_ui_export,276f839bd8f199f1,sim,Gold,True,True,35,False,,,,,NOT_EXPORTED,UNDETERMINED
b20932142f576368,authenticated_ui_export,b20932142f576368,sim,Diamond,True,True,34,False,,,,,NOT_EXPORTED,UNDETERMINED
188b2a0ec72003ae,authenticated_ui_export,188b2a0ec72003ae,sim,Turma,True,True,24,False,,,,,NOT_EXPORTED,UNDETERMINED
86792dd292a84eb8,authenticated_ui_export,86792dd292a84eb8,sim,Diamond,True,True,79,False,,,,,NOT_EXPORTED,UNDETERMINED
3ec0e645f49ec5d1,authenticated_ui_export,3ec0e645f49ec5d1,sim,Diamond,True,True,53,False,,,,,NOT_EXPORTED,UNDETERMINED
25307b24f2a8f0ee,authenticated_ui_export,25307b24f2a8f0ee,sim,Gold,True,True,23,False,,,,,NOT_EXPORTED,UNDETERMINED
4b77612c9bb93a21,authenticated_ui_export,4b77612c9bb93a21,sim,,True,False,0,False,,,,,NOT_EXPORTED,UNDETERMINED
ad6d8ffb6d692c05,authenticated_ui_export,ad6d8ffb6d692c05,sim,Diamond,True,True,58,False,,,,,NOT_EXPORTED,UNDETERMINED
207c7fda57468a13,authenticated_ui_export,207c7fda57468a13,sim,,True,False,0,False,,,,,NOT_EXPORTED,UNDETERMINED
79f067eb8b923c0c,authenticated_ui_export,79f067eb8b923c0c,sim,Diamond,True,True,47,False,,,,,NOT_EXPORTED,UNDETERMINED
3c1e4fb8471dbfca,authenticated_ui_export,3c1e4fb8471dbfca,sim,,True,False,0,False,,,,,NOT_EXPORTED,UNDETERMINED
a378b0b69938e6f1,authenticated_ui_export,a378b0b69938e6f1,sim,,True,False,0,False,,,,,NOT_EXPORTED,UNDETERMINED
14e44d7a696f348d,authenticated_ui_export,14e44d7a696f348d,sim,Diamond,True,True,55,False,,,,,NOT_EXPORTED,UNDETERMINED
8b7c9f05ff16f0fc,authenticated_ui_export,8b7c9f05ff16f0fc,sim,Premium,True,False,0,False,,,,,NOT_EXPORTED,UNDETERMINED
be5c0db205ad5ba7,authenticated_ui_export,be5c0db205ad5ba7,sim,Premium,True,True,12,False,,,,,NOT_EXPORTED,UNDETERMINED
e2c5af6fcf16bdf0,authenticated_ui_export,e2c5af6fcf16bdf0,sim,,True,False,0,False,,,,,NOT_EXPORTED,UNDETERMINED
5f2ffb7b9be49a4e,authenticated_ui_export,5f2ffb7b9be49a4e,sim,,True,False,0,False,,,,,NOT_EXPORTED,UNDETERMINED
5d22d6b16d5d61cd,authenticated_ui_export,5d22d6b16d5d61cd,sim,Gold,True,True,118,False,,,,,NOT_EXPORTED,UNDETERMINED
8c204bc0954be364,authenticated_ui_export,8c204bc0954be364,sim,Diamond,True,True,45,False,,,,,NOT_EXPORTED,UNDETERMINED
21247cd3dc3b842e,authenticated_ui_export,21247cd3dc3b842e,sim,Diamond,True,False,0,False,,,,,NOT_EXPORTED,UNDETERMINED
8766ec7a12f562a4,authenticated_ui_export,8766ec7a12f562a4,nao,Diamond,True,True,56,False,,,,,NOT_EXPORTED,UNDETERMINED
e5f5d3df0f59873e,authenticated_ui_export,e5f5d3df0f59873e,sim,,True,False,0,False,,,,,NOT_EXPORTED,UNDETERMINED
996721ff550cddf2,authenticated_ui_export,996721ff550cddf2,sim,Premium,True,True,23,False,,,,,NOT_EXPORTED,UNDETERMINED
12f6362f705030f1,authenticated_ui_export,12f6362f705030f1,sim,Diamond,True,True,58,False,,,,,NOT_EXPORTED,UNDETERMINED
08c788641eca41ff,authenticated_ui_export,08c788641eca41ff,sim,Turma,True,True,34,False,,,,,NOT_EXPORTED,UNDETERMINED
e57193260eb295fb,authenticated_ui_export,e57193260eb295fb,sim,,True,False,0,False,,,,,NOT_EXPORTED,UNDETERMINED
b373e615470af524,authenticated_ui_export,b373e615470af524,sim,,True,False,0,False,,,,,NOT_EXPORTED,UNDETERMINED
ce3a6d097620966f,authenticated_ui_export,ce3a6d097620966f,sim,,True,False,0,False,,,,,NOT_EXPORTED,UNDETERMINED
f27ef3531f23f82c,authenticated_ui_export,f27ef3531f23f82c,sim,Diamond,True,True,55,False,,,,,NOT_EXPORTED,UNDETERMINED
9ddad0d5fb1841c5,authenticated_ui_export,9ddad0d5fb1841c5,sim,Gold,True,True,34,False,,,,,NOT_EXPORTED,UNDETERMINED
9dbfdb3060084ba2,authenticated_ui_export,9dbfdb3060084ba2,sim,,True,False,0,False,,,,,NOT_EXPORTED,UNDETERMINED
6b061aed21734cbe,authenticated_ui_export,6b061aed21734cbe,sim,Diamond,True,True,55,False,,,,,NOT_EXPORTED,UNDETERMINED
82ba33b72fa77d33,authenticated_ui_export,82ba33b72fa77d33,sim,Diamond,True,True,69,False,,,,,NOT_EXPORTED,UNDETERMINED
de25ac9cdf90ba4f,authenticated_ui_export,de25ac9cdf90ba4f,sim,Premium,True,True,24,False,,,,,NOT_EXPORTED,UNDETERMINED
e43b51bf06729df7,authenticated_ui_export,e43b51bf06729df7,sim,Gold,True,True,35,False,,,,,NOT_EXPORTED,UNDETERMINED
4fc89df24b198a0c,authenticated_ui_export,4fc89df24b198a0c,sim,Diamond,True,True,56,False,,,,,NOT_EXPORTED,UNDETERMINED
451870b099642a88,authenticated_ui_export,451870b099642a88,sim,,True,False,0,False,,,,,NOT_EXPORTED,UNDETERMINED
72839048c3fe1474,authenticated_ui_export,72839048c3fe1474,sim,Turma,True,True,23,False,,,,,NOT_EXPORTED,UNDETERMINED
58c294fd4d5a5d38,authenticated_ui_export,58c294fd4d5a5d38,sim,,True,False,0,False,,,,,NOT_EXPORTED,UNDETERMINED
9539b45947ff5c6c,authenticated_ui_export,9539b45947ff5c6c,sim,,True,False,0,False,,,,,NOT_EXPORTED,UNDETERMINED
1c55498cb0603257,authenticated_ui_export,1c55498cb0603257,sim,,True,False,0,False,,,,,NOT_EXPORTED,UNDETERMINED
9318832bec28d752,authenticated_ui_export,9318832bec28d752,sim,,True,False,0,False,,,,,NOT_EXPORTED,UNDETERMINED
21e15f7cec481948,authenticated_ui_export,21e15f7cec481948,sim,Diamond,True,True,58,False,,,,,NOT_EXPORTED,UNDETERMINED
c1329beeecce8c45,authenticated_ui_export,c1329beeecce8c45,sim,,True,False,0,False,,,,,NOT_EXPORTED,UNDETERMINED
030ae7480b8e7bea,authenticated_ui_export,030ae7480b8e7bea,sim,,True,False,0,False,,,,,NOT_EXPORTED,UNDETERMINED
7a0517ca1e1a269a,authenticated_ui_export,7a0517ca1e1a269a,sim,Diamond,True,True,117,False,,,,,NOT_EXPORTED,UNDETERMINED
ffc50df2c1c1a310,authenticated_ui_export,ffc50df2c1c1a310,sim,Diamond,True,True,33,False,,,,,NOT_EXPORTED,UNDETERMINED
dc3babfa7beb6a78,authenticated_ui_export,dc3babfa7beb6a78,sim,,True,False,0,False,,,,,NOT_EXPORTED,UNDETERMINED
f4f7cfc88543dd52,authenticated_ui_export,f4f7cfc88543dd52,sim,Gold,True,True,12,False,,,,,NOT_EXPORTED,UNDETERMINED
40fe5d2fe25c1bdc,authenticated_ui_export,40fe5d2fe25c1bdc,sim,Diamond,True,True,58,False,,,,,NOT_EXPORTED,UNDETERMINED
464b71adddf73ea2,authenticated_ui_export,464b71adddf73ea2,sim,Gold,True,True,36,False,,,,,NOT_EXPORTED,UNDETERMINED
935f2ca672bbc25b,authenticated_ui_export,935f2ca672bbc25b,sim,Gold,True,True,38,False,,,,,NOT_EXPORTED,UNDETERMINED
e37eaf9c7fc7d875,authenticated_ui_export,e37eaf9c7fc7d875,sim,Gold,True,True,36,False,,,,,NOT_EXPORTED,UNDETERMINED
ef624dbeb36c9e39,authenticated_ui_export,ef624dbeb36c9e39,sim,Diamond,True,True,62,False,,,,,NOT_EXPORTED,UNDETERMINED
d13cb8e054741b53,authenticated_ui_export,d13cb8e054741b53,sim,,True,False,0,False,,,,,NOT_EXPORTED,UNDETERMINED
191dc31e85173b49,authenticated_ui_export,191dc31e85173b49,sim,Diamond,True,True,60,False,,,,,NOT_EXPORTED,UNDETERMINED
8b4ea6d73efd881e,authenticated_ui_export,8b4ea6d73efd881e,sim,,True,False,0,False,,,,,NOT_EXPORTED,UNDETERMINED
dad06e6e626ae114,authenticated_ui_export,dad06e6e626ae114,sim,Turma,True,False,0,False,,,,,NOT_EXPORTED,UNDETERMINED
9750f7bb22cc03da,authenticated_ui_export,9750f7bb22cc03da,sim,Diamond,True,True,37,False,,,,,NOT_EXPORTED,UNDETERMINED
4f0d60a9c7138772,authenticated_ui_export,4f0d60a9c7138772,sim,Diamond,True,True,60,False,,,,,NOT_EXPORTED,UNDETERMINED
4e4b0f3a98291e19,authenticated_ui_export,4e4b0f3a98291e19,sim,Diamond,True,True,64,False,,,,,NOT_EXPORTED,UNDETERMINED
1d2051846e7bfe88,authenticated_ui_export,1d2051846e7bfe88,sim,Diamond,True,True,58,False,,,,,NOT_EXPORTED,UNDETERMINED
1cc8ace160bcc57e,authenticated_ui_export,1cc8ace160bcc57e,sim,,True,False,0,False,,,,,NOT_EXPORTED,UNDETERMINED
3f0e2f3e725401bd,authenticated_ui_export,3f0e2f3e725401bd,sim,Diamond,True,True,60,False,,,,,NOT_EXPORTED,UNDETERMINED
8c125ee4ef85d4b2,authenticated_ui_export,8c125ee4ef85d4b2,sim,Diamond,True,True,58,False,,,,,NOT_EXPORTED,UNDETERMINED
d3fa2c8d72df36b7,authenticated_ui_export,d3fa2c8d72df36b7,sim,Premium,True,True,12,False,,,,,NOT_EXPORTED,UNDETERMINED
ac9d22d3e21c551a,authenticated_ui_export,ac9d22d3e21c551a,sim,Diamond,True,True,60,False,,,,,NOT_EXPORTED,UNDETERMINED
0d2ab54b47559692,authenticated_ui_export,0d2ab54b47559692,sim,,True,False,0,False,,,,,NOT_EXPORTED,UNDETERMINED
7a9eb452193589f4,authenticated_ui_export,7a9eb452193589f4,sim,,True,False,0,False,,,,,NOT_EXPORTED,UNDETERMINED
90035e105d8f216c,authenticated_ui_export,90035e105d8f216c,sim,Premium,True,True,23,False,,,,,NOT_EXPORTED,UNDETERMINED
c094910e9c5ca9fa,authenticated_ui_export,c094910e9c5ca9fa,sim,Diamond,True,False,0,False,,,,,NOT_EXPORTED,UNDETERMINED
e8dcb3f9c2d851a7,authenticated_ui_export,e8dcb3f9c2d851a7,sim,Diamond,True,True,55,False,,,,,NOT_EXPORTED,UNDETERMINED
a66e5ee501572ad1,authenticated_ui_export,a66e5ee501572ad1,sim,,True,False,0,False,,,,,NOT_EXPORTED,UNDETERMINED
519b31f565af5474,authenticated_ui_export,519b31f565af5474,sim,Diamond,True,True,55,False,,,,,NOT_EXPORTED,UNDETERMINED
59a91a28ade7b015,authenticated_ui_export,59a91a28ade7b015,sim,,True,False,0,False,,,,,NOT_EXPORTED,UNDETERMINED
15149cc4c543279d,authenticated_ui_export,15149cc4c543279d,sim,Diamond,True,True,55,False,,,,,NOT_EXPORTED,UNDETERMINED
56bb06521d12c45a,authenticated_ui_export,56bb06521d12c45a,sim,Diamond,True,True,46,False,,,,,NOT_EXPORTED,UNDETERMINED
8fdad843ef071d7a,authenticated_ui_export,8fdad843ef071d7a,sim,,True,False,0,False,,,,,NOT_EXPORTED,UNDETERMINED
42c9720447e345da,authenticated_ui_export,42c9720447e345da,sim,Gold,True,True,34,False,,,,,NOT_EXPORTED,UNDETERMINED
d663925e382d6676,authenticated_ui_export,d663925e382d6676,sim,Diamond,True,True,55,False,,,,,NOT_EXPORTED,UNDETERMINED
713d9f995e3db4bd,authenticated_ui_export,713d9f995e3db4bd,sim,Gold,True,True,34,False,,,,,NOT_EXPORTED,UNDETERMINED
8c63a5b0d6ca4b46,authenticated_ui_export,8c63a5b0d6ca4b46,sim,Premium,True,True,23,False,,,,,NOT_EXPORTED,UNDETERMINED
7c72df3ce36ef9a2,authenticated_ui_export,7c72df3ce36ef9a2,sim,,True,False,0,False,,,,,NOT_EXPORTED,UNDETERMINED
235d01864d4a2871,authenticated_ui_export,235d01864d4a2871,sim,Diamond,True,True,60,False,,,,,NOT_EXPORTED,UNDETERMINED
6cd0401404fad712,authenticated_ui_export,6cd0401404fad712,sim,Diamond,True,True,60,False,,,,,NOT_EXPORTED,UNDETERMINED
9d3eb4a181695695,authenticated_ui_export,9d3eb4a181695695,sim,Premium,True,True,11,False,,,,,NOT_EXPORTED,UNDETERMINED
d4b24c9eba7ef9ea,authenticated_ui_export,d4b24c9eba7ef9ea,sim,Diamond,True,True,60,False,,,,,NOT_EXPORTED,UNDETERMINED
a109a12bc7f61189,authenticated_ui_export,a109a12bc7f61189,sim,Gold,True,True,34,False,,,,,NOT_EXPORTED,UNDETERMINED
8ee6a6dfcb376ca7,authenticated_ui_export,8ee6a6dfcb376ca7,sim,Diamond,True,False,0,False,,,,,NOT_EXPORTED,UNDETERMINED
7e1816e8ac5e516a,authenticated_ui_export,7e1816e8ac5e516a,sim,Diamond,True,True,55,False,,,,,NOT_EXPORTED,UNDETERMINED
f936770f28b27aa3,authenticated_ui_export,f936770f28b27aa3,sim,Diamond,True,True,63,False,,,,,NOT_EXPORTED,UNDETERMINED
f47f2bdb6f46677e,authenticated_ui_export,f47f2bdb6f46677e,sim,,True,False,0,False,,,,,NOT_EXPORTED,UNDETERMINED
6bdfb76a29d500c3,authenticated_ui_export,6bdfb76a29d500c3,sim,,True,False,0,False,,,,,NOT_EXPORTED,UNDETERMINED
4426433d37045c90,authenticated_ui_export,4426433d37045c90,sim,Turma,True,True,23,False,,,,,NOT_EXPORTED,UNDETERMINED
9337229e5cf061f3,authenticated_ui_export,9337229e5cf061f3,sim,,True,False,0,False,,,,,NOT_EXPORTED,UNDETERMINED
b8e220d34fe4fdbd,authenticated_ui_export,b8e220d34fe4fdbd,sim,,True,False,0,False,,,,,NOT_EXPORTED,UNDETERMINED
89f9090e78586352,authenticated_ui_export,89f9090e78586352,sim,Gold,True,True,34,False,,,,,NOT_EXPORTED,UNDETERMINED
7b34cb71f3a41bde,authenticated_ui_export,7b34cb71f3a41bde,sim,Diamond,True,True,55,False,,,,,NOT_EXPORTED,UNDETERMINED
4f95125272a8a3ae,authenticated_ui_export,4f95125272a8a3ae,sim,Gold,True,True,72,False,,,,,NOT_EXPORTED,UNDETERMINED
3b1c3b5f7b1105f3,authenticated_ui_export,3b1c3b5f7b1105f3,sim,,True,False,0,False,,,,,NOT_EXPORTED,UNDETERMINED
539cedc67f46e568,authenticated_ui_export,539cedc67f46e568,sim,Diamond,True,True,58,False,,,,,NOT_EXPORTED,UNDETERMINED
9205ead34add02b8,authenticated_ui_export,9205ead34add02b8,sim,,True,False,0,False,,,,,NOT_EXPORTED,UNDETERMINED
a9bf39d21614f383,authenticated_ui_export,a9bf39d21614f383,sim,Diamond,True,True,60,False,,,,,NOT_EXPORTED,UNDETERMINED
f4f793a5994a772a,authenticated_ui_export,f4f793a5994a772a,sim,Diamond,True,True,60,False,,,,,NOT_EXPORTED,UNDETERMINED
a560b3f246fd9cda,authenticated_ui_export,a560b3f246fd9cda,sim,Gold,True,True,23,False,,,,,NOT_EXPORTED,UNDETERMINED
e0ece86382bc08b3,authenticated_ui_export,e0ece86382bc08b3,sim,,True,False,0,False,,,,,NOT_EXPORTED,UNDETERMINED
7ddabf55570d9c18,authenticated_ui_export,7ddabf55570d9c18,sim,Gold,True,True,24,False,,,,,NOT_EXPORTED,UNDETERMINED
08e053630e8efc44,authenticated_ui_export,08e053630e8efc44,sim,Diamond,True,True,59,False,,,,,NOT_EXPORTED,UNDETERMINED
