source_id_ref,canonical_student_id,firestore_document_verified,ui_id_exact_match,persisted_uid_equals_doc_id,persisted_auth_user_id_equals_doc_id,operational_category_observed,classification,current_status_raw,active_flag,current_plan,contract_id,contract_start,contract_end,duration_reported,cancellation_requested_evidence,notice_end_evidence,effective_exit_evidence,suspension_evidence,pedagogical_rows,financial_customer_ref,financial_match_evidence,confidence_evidence,reasons,recommended_action
c7c751042221c78b,,True,True,True,True,UNKNOWN,AMBIGUOUS,ativo,True,,,,,,2026-07-16T03:00:00.000Z,,,False,0,,no_verified_match,exact_UI_document_id; explicit_student_role,contract_link_and_critical_dates_unavailable|missing_plan|operational_eligibility_requires_review,Resolve missing contract evidence and listed conflicts; do not backfill
86792dd292a84eb8,,True,True,True,True,OPERATIONAL_ACTIVE,AMBIGUOUS,ativo,True,Diamond,,,,,,,,False,79,,no_verified_match,exact_UI_document_id; explicit_student_role,contract_link_and_critical_dates_unavailable,Resolve missing contract evidence and listed conflicts; do not backfill
26481f2930055c0b,,True,True,True,True,UNKNOWN,AMBIGUOUS,ativo,True,,,,,,2026-07-16T03:00:00.000Z,,,False,0,,no_verified_match,exact_UI_document_id; explicit_student_role,contract_link_and_critical_dates_unavailable|missing_plan|operational_eligibility_requires_review,Resolve missing contract evidence and listed conflicts; do not backfill
1ee61909e214be19,,True,True,True,True,OPERATIONAL_ACTIVE,AMBIGUOUS,ativo,True,Diamond,,,,,,,,False,60,,no_verified_match,exact_UI_document_id; explicit_student_role,contract_link_and_critical_dates_unavailable,Resolve missing contract evidence and listed conflicts; do not backfill
b8e220d34fe4fdbd,,True,True,True,True,OPERATIONAL_ACTIVE,AMBIGUOUS,ativo,True,,,,,,,,,False,0,,no_verified_match,exact_UI_document_id; explicit_student_role,contract_link_and_critical_dates_unavailable|missing_plan,Resolve missing contract evidence and listed conflicts; do not backfill
cd51e59edeb3667a,,True,True,True,True,OPERATIONAL_ACTIVE,AMBIGUOUS,ativo,True,,,,,,,,,False,0,,no_verified_match,exact_UI_document_id; explicit_student_role,contract_link_and_critical_dates_unavailable|missing_plan,Resolve missing contract evidence and listed conflicts; do not backfill
e5f5d3df0f59873e,,True,True,True,True,OPERATIONAL_ACTIVE,AMBIGUOUS,ativo,True,,,,,,,,,False,0,,no_verified_match,exact_UI_document_id; explicit_student_role,contract_link_and_critical_dates_unavailable|missing_plan,Resolve missing contract evidence and listed conflicts; do not backfill
d4b24c9eba7ef9ea,,True,True,True,True,OPERATIONAL_ACTIVE,AMBIGUOUS,ativo,True,Diamond,,,,,,,,False,60,,no_verified_match,exact_UI_document_id; explicit_student_role,contract_link_and_critical_dates_unavailable,Resolve missing contract evidence and listed conflicts; do not backfill
d2ce605244023369,,True,True,True,True,OPERATIONAL_ACTIVE,AMBIGUOUS,ativo,True,Gold,,,,,,,,False,12,,no_verified_match,exact_UI_document_id; explicit_student_role,contract_link_and_critical_dates_unavailable,Resolve missing contract evidence and listed conflicts; do not backfill
dc3babfa7beb6a78,,True,True,True,True,OPERATIONAL_ACTIVE,AMBIGUOUS,ativo,True,,,,,,,,,False,0,,no_verified_match,exact_UI_document_id; explicit_student_role,contract_link_and_critical_dates_unavailable|missing_plan,Resolve missing contract evidence and listed conflicts; do not backfill
dc34a2be7f67c8bf,,True,True,True,True,OPERATIONAL_ACTIVE,AMBIGUOUS,ativo,True,,,,,,,,,False,0,,no_verified_match,exact_UI_document_id; explicit_student_role,contract_link_and_critical_dates_unavailable|missing_plan,Resolve missing contract evidence and listed conflicts; do not backfill
ce16709de0657586,,True,True,True,True,OPERATIONAL_ACTIVE,AMBIGUOUS,ativo,True,Diamond,,,,,,,,False,61,,no_verified_match,exact_UI_document_id; explicit_student_role,contract_link_and_critical_dates_unavailable,Resolve missing contract evidence and listed conflicts; do not backfill
ffc50df2c1c1a310,,True,True,True,True,OPERATIONAL_ACTIVE,AMBIGUOUS,ativo,True,Diamond,,,,,,,,False,33,,no_verified_match,exact_UI_document_id; explicit_student_role,contract_link_and_critical_dates_unavailable,Resolve missing contract evidence and listed conflicts; do not backfill
b373e615470af524,,True,True,True,True,OPERATIONAL_ACTIVE,AMBIGUOUS,ativo,True,,,,,,,,,False,0,,no_verified_match,exact_UI_document_id; explicit_student_role,contract_link_and_critical_dates_unavailable|missing_plan,Resolve missing contract evidence and listed conflicts; do not backfill
7a9eb452193589f4,,True,True,True,True,OPERATIONAL_ACTIVE,AMBIGUOUS,ativo,True,,,,,,,,,False,0,,no_verified_match,exact_UI_document_id; explicit_student_role,contract_link_and_critical_dates_unavailable|missing_plan,Resolve missing contract evidence and listed conflicts; do not backfill
41535602ca36ca98,,True,True,True,True,OPERATIONAL_ACTIVE,AMBIGUOUS,ativo,True,Diamond,,,,,,,,False,53,42d15e4b3c68efbc,unique_normalized_email_both_sources,exact_UI_document_id; explicit_student_role,contract_link_and_critical_dates_unavailable,Resolve missing contract evidence and listed conflicts; do not backfill
7e1816e8ac5e516a,,True,True,True,True,OPERATIONAL_ACTIVE,AMBIGUOUS,ativo,True,Diamond,,,,,,,,False,55,,no_verified_match,exact_UI_document_id; explicit_student_role,contract_link_and_critical_dates_unavailable,Resolve missing contract evidence and listed conflicts; do not backfill
be8af76e8881c6a5,,True,True,True,True,OPERATIONAL_ACTIVE,AMBIGUOUS,ativo,True,Diamond,,,,,,,,False,55,,no_verified_match,exact_UI_document_id; explicit_student_role,contract_link_and_critical_dates_unavailable,Resolve missing contract evidence and listed conflicts; do not backfill
c1329beeecce8c45,,True,True,True,True,OPERATIONAL_ACTIVE,AMBIGUOUS,ativo,True,,,,,,,,,False,0,,no_verified_match,exact_UI_document_id; explicit_student_role,contract_link_and_critical_dates_unavailable|missing_plan,Resolve missing contract evidence and listed conflicts; do not backfill
7ddabf55570d9c18,,True,True,True,True,OPERATIONAL_ACTIVE,AMBIGUOUS,ativo,True,Gold,,,,,,,,False,24,,no_verified_match,exact_UI_document_id; explicit_student_role,contract_link_and_critical_dates_unavailable,Resolve missing contract evidence and listed conflicts; do not backfill
b71b5f976d7b2d94,,True,True,True,True,OPERATIONAL_ACTIVE,AMBIGUOUS,ativo,True,Diamond,,,,,,,,False,60,,no_verified_match,exact_UI_document_id; explicit_student_role,contract_link_and_critical_dates_unavailable,Resolve missing contract evidence and listed conflicts; do not backfill
5df8b73f77676d99,,True,True,True,True,OPERATIONAL_ACTIVE,AMBIGUOUS,ativo,True,,,,,,,,,False,0,,no_verified_match,exact_UI_document_id; explicit_student_role,contract_link_and_critical_dates_unavailable|missing_plan,Resolve missing contract evidence and listed conflicts; do not backfill
4540e1636ababa27,,True,True,True,True,UNKNOWN,AMBIGUOUS,ativo,True,,,,,,2026-07-16T03:00:00.000Z,,,False,0,,no_verified_match,exact_UI_document_id; explicit_student_role,contract_link_and_critical_dates_unavailable|missing_plan|operational_eligibility_requires_review,Resolve missing contract evidence and listed conflicts; do not backfill
322704f33e1ad233,,True,True,True,True,OPERATIONAL_ACTIVE,AMBIGUOUS,ativo,True,Diamond,,,,,,,,False,55,,no_verified_match,exact_UI_document_id; explicit_student_role,contract_link_and_critical_dates_unavailable,Resolve missing contract evidence and listed conflicts; do not backfill
350450c5e362d6a6,,True,True,True,True,OPERATIONAL_ACTIVE,AMBIGUOUS,ativo,True,Gold,,,,,,,,False,34,,no_verified_match,exact_UI_document_id; explicit_student_role,contract_link_and_critical_dates_unavailable,Resolve missing contract evidence and listed conflicts; do not backfill
2e6596fdd70ca8c6,,True,True,True,True,OPERATIONAL_SUSPENDED,AMBIGUOUS,ativo,True,Diamond,,,,,2026-07-27T03:00:00.000Z,,,True,55,,no_verified_match,exact_UI_document_id; explicit_student_role,contract_link_and_critical_dates_unavailable,Resolve missing contract evidence and listed conflicts; do not backfill
79f067eb8b923c0c,,True,True,True,True,OPERATIONAL_ACTIVE,AMBIGUOUS,ativo,True,Diamond,,,,,,,,False,47,,no_verified_match,exact_UI_document_id; explicit_student_role,contract_link_and_critical_dates_unavailable,Resolve missing contract evidence and listed conflicts; do not backfill
3ec0e645f49ec5d1,,True,True,True,True,OPERATIONAL_ACTIVE,AMBIGUOUS,ativo,True,Diamond,,,,,,,,False,53,,no_verified_match,exact_UI_document_id; explicit_student_role,contract_link_and_critical_dates_unavailable,Resolve missing contract evidence and listed conflicts; do not backfill
8766ec7a12f562a4,,True,True,True,True,CHURNED,CONFLICT,ativo,False,Diamond,,,,,2026-07-24T03:00:00.000Z,2026-08-17T03:00:00.000Z,2026-07-30T20:59:22.516Z,True,56,,no_verified_match,exact_UI_document_id; explicit_student_role,contract_link_and_critical_dates_unavailable|legacy_effectivation_precedes_recorded_notice_end|legacy_status_active_with_terminal_evidence,Resolve missing contract evidence and listed conflicts; do not backfill
b2a480696c760c4b,,True,True,True,True,OPERATIONAL_SUSPENDED,CONFLICT,ativo,True,Diamond,,,,,2026-07-27T03:00:00.000Z,2026-08-21T03:00:00.000Z,,True,58,,no_verified_match,exact_UI_document_id; explicit_student_role,contract_link_and_critical_dates_unavailable|past_notice_end_without_effectivation_while_active,Resolve missing contract evidence and listed conflicts; do not backfill
21247cd3dc3b842e,,True,True,True,True,OPERATIONAL_ACTIVE,AMBIGUOUS,ativo,True,Diamond,,,,,,,,False,0,fb6eb709ec98088b,unique_normalized_email_both_sources,exact_UI_document_id; explicit_student_role,contract_link_and_critical_dates_unavailable,Resolve missing contract evidence and listed conflicts; do not backfill
58a8f4562e207448,,True,True,True,True,OPERATIONAL_ACTIVE,AMBIGUOUS,ativo,True,Diamond,,,,,,,,False,0,,no_verified_match,exact_UI_document_id; explicit_student_role,contract_link_and_critical_dates_unavailable,Resolve missing contract evidence and listed conflicts; do not backfill
8ee6a6dfcb376ca7,,True,True,True,True,OPERATIONAL_ACTIVE,AMBIGUOUS,ativo,True,Diamond,,,,,,,,False,0,,no_verified_match,exact_UI_document_id; explicit_student_role,contract_link_and_critical_dates_unavailable,Resolve missing contract evidence and listed conflicts; do not backfill
40fe5d2fe25c1bdc,,True,True,True,True,OPERATIONAL_ACTIVE,AMBIGUOUS,ativo,True,Diamond,,,,,,,,False,58,,no_verified_match,exact_UI_document_id; explicit_student_role,contract_link_and_critical_dates_unavailable,Resolve missing contract evidence and listed conflicts; do not backfill
b58a0122faef0144,,True,True,True,True,OPERATIONAL_ACTIVE,AMBIGUOUS,ativo,True,Turma,,,,,,,,False,48,,no_verified_match,exact_UI_document_id; explicit_student_role,contract_link_and_critical_dates_unavailable,Resolve missing contract evidence and listed conflicts; do not backfill
41161e854f0bc9c1,,True,True,True,True,OPERATIONAL_ACTIVE,AMBIGUOUS,ativo,True,Gold,,,,,,,,False,22,,no_verified_match,exact_UI_document_id; explicit_student_role,contract_link_and_critical_dates_unavailable,Resolve missing contract evidence and listed conflicts; do not backfill
d3fa2c8d72df36b7,,True,True,True,True,OPERATIONAL_ACTIVE,AMBIGUOUS,ativo,True,Premium,,,,,,,,False,12,,no_verified_match,exact_UI_document_id; explicit_student_role,contract_link_and_critical_dates_unavailable,Resolve missing contract evidence and listed conflicts; do not backfill
335ffd55f3d64169,,True,True,True,True,OPERATIONAL_ACTIVE,AMBIGUOUS,ativo,True,Turma,,,,,,,,False,47,,no_verified_match,exact_UI_document_id; explicit_student_role,contract_link_and_critical_dates_unavailable,Resolve missing contract evidence and listed conflicts; do not backfill
235d01864d4a2871,,True,True,True,True,OPERATIONAL_ACTIVE,AMBIGUOUS,ativo,True,Diamond,,,,,,,,False,60,,no_verified_match,exact_UI_document_id; explicit_student_role,contract_link_and_critical_dates_unavailable,Resolve missing contract evidence and listed conflicts; do not backfill
dad06e6e626ae114,,True,True,True,True,OPERATIONAL_ACTIVE,AMBIGUOUS,ativo,True,Turma,,,,,,,,False,0,,no_verified_match,exact_UI_document_id; explicit_student_role,contract_link_and_critical_dates_unavailable,Resolve missing contract evidence and listed conflicts; do not backfill
f185df6ced33e19a,,True,True,True,True,OPERATIONAL_ACTIVE,AMBIGUOUS,ativo,True,,,,,,,,,False,0,,no_verified_match,exact_UI_document_id; explicit_student_role,contract_link_and_critical_dates_unavailable|missing_plan,Resolve missing contract evidence and listed conflicts; do not backfill
f74b4c8de3d4b80e,,True,True,True,True,OPERATIONAL_ACTIVE,AMBIGUOUS,ativo,True,,,,,,,,,False,0,,no_verified_match,exact_UI_document_id; explicit_student_role,contract_link_and_critical_dates_unavailable|missing_plan,Resolve missing contract evidence and listed conflicts; do not backfill
b1bfe9e6beeb5a9c,,True,True,True,True,OPERATIONAL_ACTIVE,AMBIGUOUS,ativo,True,Premium,,,,,,,,False,11,,no_verified_match,exact_UI_document_id; explicit_student_role,contract_link_and_critical_dates_unavailable,Resolve missing contract evidence and listed conflicts; do not backfill
368862290d1b741c,,True,True,True,True,OPERATIONAL_ACTIVE,AMBIGUOUS,ativo,True,Gold,,,,,,,,False,24,dc2a3905b5aba492,unique_normalized_email_both_sources,exact_UI_document_id; explicit_student_role,contract_link_and_critical_dates_unavailable,Resolve missing contract evidence and listed conflicts; do not backfill
74fd5e7c793abf43,,True,True,True,True,UNKNOWN,AMBIGUOUS,ativo,True,,,,,,2026-07-16T03:00:00.000Z,,,False,0,,no_verified_match,exact_UI_document_id; explicit_student_role,contract_link_and_critical_dates_unavailable|missing_plan|operational_eligibility_requires_review,Resolve missing contract evidence and listed conflicts; do not backfill
4fc89df24b198a0c,,True,True,True,True,OPERATIONAL_ACTIVE,AMBIGUOUS,ativo,True,Diamond,,,,,,,,False,56,,no_verified_match,exact_UI_document_id; explicit_student_role,contract_link_and_critical_dates_unavailable,Resolve missing contract evidence and listed conflicts; do not backfill
713d9f995e3db4bd,,True,True,True,True,OPERATIONAL_ACTIVE,AMBIGUOUS,ativo,True,Gold,,,,,,,,False,34,,no_verified_match,exact_UI_document_id; explicit_student_role,contract_link_and_critical_dates_unavailable,Resolve missing contract evidence and listed conflicts; do not backfill
f6797f34cfb71355,,True,True,True,True,OPERATIONAL_ACTIVE,AMBIGUOUS,ativo,True,Premium,,,,,,,,False,22,,no_verified_match,exact_UI_document_id; explicit_student_role,contract_link_and_critical_dates_unavailable,Resolve missing contract evidence and listed conflicts; do not backfill
e20bb98ff7c469b3,,True,True,True,True,OPERATIONAL_ACTIVE,AMBIGUOUS,ativo,True,Gold,,,,,,,,False,32,,no_verified_match,exact_UI_document_id; explicit_student_role,contract_link_and_critical_dates_unavailable,Resolve missing contract evidence and listed conflicts; do not backfill
ce3a6d097620966f,,True,True,True,True,OPERATIONAL_ACTIVE,AMBIGUOUS,ativo,True,,,,,,,,,False,0,,no_verified_match,exact_UI_document_id; explicit_student_role,contract_link_and_critical_dates_unavailable|missing_plan,Resolve missing contract evidence and listed conflicts; do not backfill
3d669092778634fe,,True,True,True,True,OPERATIONAL_ACTIVE,AMBIGUOUS,ativo,True,Diamond,,,,,,,,False,58,,no_verified_match,exact_UI_document_id; explicit_student_role,contract_link_and_critical_dates_unavailable,Resolve missing contract evidence and listed conflicts; do not backfill
82ba33b72fa77d33,,True,True,True,True,OPERATIONAL_ACTIVE,AMBIGUOUS,ativo,True,Diamond,,,,,,,,False,69,,no_verified_match,exact_UI_document_id; explicit_student_role,contract_link_and_critical_dates_unavailable,Resolve missing contract evidence and listed conflicts; do not backfill
539cedc67f46e568,,True,True,True,True,OPERATIONAL_ACTIVE,AMBIGUOUS,ativo,True,Diamond,,,,,,,,False,58,,no_verified_match,exact_UI_document_id; explicit_student_role,contract_link_and_critical_dates_unavailable,Resolve missing contract evidence and listed conflicts; do not backfill
0d2ab54b47559692,,True,True,True,True,OPERATIONAL_ACTIVE,AMBIGUOUS,ativo,True,,,,,,,,,False,0,,no_verified_match,exact_UI_document_id; explicit_student_role,contract_link_and_critical_dates_unavailable|missing_plan,Resolve missing contract evidence and listed conflicts; do not backfill
c573af93474aa2ec,,True,True,True,True,OPERATIONAL_ACTIVE,AMBIGUOUS,ativo,True,Diamond,,,,,,,,False,55,04c532b5afb01258,unique_normalized_email_both_sources,exact_UI_document_id; explicit_student_role,contract_link_and_critical_dates_unavailable,Resolve missing contract evidence and listed conflicts; do not backfill
15149cc4c543279d,,True,True,True,True,OPERATIONAL_ACTIVE,AMBIGUOUS,ativo,True,Diamond,,,,,,,,False,55,,no_verified_match,exact_UI_document_id; explicit_student_role,contract_link_and_critical_dates_unavailable,Resolve missing contract evidence and listed conflicts; do not backfill
3ed08e8e900ad252,,True,True,True,True,OPERATIONAL_ACTIVE,AMBIGUOUS,ativo,True,,,,,,,,,False,0,,no_verified_match,exact_UI_document_id; explicit_student_role,contract_link_and_critical_dates_unavailable|missing_plan,Resolve missing contract evidence and listed conflicts; do not backfill
9337229e5cf061f3,,True,True,True,True,OPERATIONAL_ACTIVE,AMBIGUOUS,ativo,True,,,,,,,,,False,0,,no_verified_match,exact_UI_document_id; explicit_student_role,contract_link_and_critical_dates_unavailable|missing_plan,Resolve missing contract evidence and listed conflicts; do not backfill
58c294fd4d5a5d38,,True,True,True,True,OPERATIONAL_ACTIVE,AMBIGUOUS,ativo,True,,,,,,,,,False,0,,no_verified_match,exact_UI_document_id; explicit_student_role,contract_link_and_critical_dates_unavailable|missing_plan,Resolve missing contract evidence and listed conflicts; do not backfill
7eb3b6447f8cb7a8,,True,True,True,True,OPERATIONAL_ACTIVE,AMBIGUOUS,ativo,True,,,,,,,,,False,0,,no_verified_match,exact_UI_document_id; explicit_student_role,contract_link_and_critical_dates_unavailable|missing_plan,Resolve missing contract evidence and listed conflicts; do not backfill
dcecb8a4ee68d131,,True,True,True,True,OPERATIONAL_ACTIVE,AMBIGUOUS,ativo,True,Gold,,,,,,,,False,70,,no_verified_match,exact_UI_document_id; explicit_student_role,contract_link_and_critical_dates_unavailable,Resolve missing contract evidence and listed conflicts; do not backfill
4f0d60a9c7138772,,True,True,True,True,OPERATIONAL_ACTIVE,AMBIGUOUS,ativo,True,Diamond,,,,,,,,False,60,,no_verified_match,exact_UI_document_id; explicit_student_role,contract_link_and_critical_dates_unavailable,Resolve missing contract evidence and listed conflicts; do not backfill
1c55498cb0603257,,True,True,True,True,OPERATIONAL_SUSPENDED,AMBIGUOUS,ativo,True,,,,,,2026-07-29T03:00:00.000Z,2026-09-29T03:00:00.000Z,,True,0,,no_verified_match,exact_UI_document_id; explicit_student_role,contract_link_and_critical_dates_unavailable|missing_plan,Resolve missing contract evidence and listed conflicts; do not backfill
9dbfdb3060084ba2,,True,True,True,True,OPERATIONAL_ACTIVE,AMBIGUOUS,ativo,True,,,,,,,,,False,0,,no_verified_match,exact_UI_document_id; explicit_student_role,contract_link_and_critical_dates_unavailable|missing_plan,Resolve missing contract evidence and listed conflicts; do not backfill
6baf1f0212db03fe,,True,True,True,True,OPERATIONAL_SUSPENDED,AMBIGUOUS,ativo,True,Turma,,,,,2026-07-28T03:00:00.000Z,,,True,22,,no_verified_match,exact_UI_document_id; explicit_student_role,contract_link_and_critical_dates_unavailable,Resolve missing contract evidence and listed conflicts; do not backfill
ddfbbb1dabbc5f43,,True,True,True,True,OPERATIONAL_ACTIVE,AMBIGUOUS,ativo,True,Diamond,,,,,,,,False,60,,no_verified_match,exact_UI_document_id; explicit_student_role,contract_link_and_critical_dates_unavailable,Resolve missing contract evidence and listed conflicts; do not backfill
276f839bd8f199f1,,True,True,True,True,OPERATIONAL_ACTIVE,AMBIGUOUS,ativo,True,Gold,,,,,,,,False,35,,no_verified_match,exact_UI_document_id; explicit_student_role,contract_link_and_critical_dates_unavailable,Resolve missing contract evidence and listed conflicts; do not backfill
8c125ee4ef85d4b2,,True,True,True,True,OPERATIONAL_ACTIVE,AMBIGUOUS,ativo,True,Diamond,,,,,,,,False,58,,no_verified_match,exact_UI_document_id; explicit_student_role,contract_link_and_critical_dates_unavailable,Resolve missing contract evidence and listed conflicts; do not backfill
b0f337534379bd4d,,True,True,True,True,OPERATIONAL_ACTIVE,AMBIGUOUS,ativo,True,Diamond,,,,,,,,False,55,,no_verified_match,exact_UI_document_id; explicit_student_role,contract_link_and_critical_dates_unavailable,Resolve missing contract evidence and listed conflicts; do not backfill
9d3eb4a181695695,,True,True,True,True,OPERATIONAL_ACTIVE,AMBIGUOUS,ativo,True,Premium,,,,,,,,False,11,,no_verified_match,exact_UI_document_id; explicit_student_role,contract_link_and_critical_dates_unavailable,Resolve missing contract evidence and listed conflicts; do not backfill
b20932142f576368,,True,True,True,True,OPERATIONAL_ACTIVE,AMBIGUOUS,ativo,True,Diamond,,,,,,,,False,34,a511ac164564bd78,unique_normalized_email_both_sources,exact_UI_document_id; explicit_student_role,contract_link_and_critical_dates_unavailable,Resolve missing contract evidence and listed conflicts; do not backfill
8c63a5b0d6ca4b46,,True,True,True,True,OPERATIONAL_ACTIVE,AMBIGUOUS,ativo,True,Premium,,,,,,,,False,23,b73b6365bd9437ae,unique_normalized_email_both_sources,exact_UI_document_id; explicit_student_role,contract_link_and_critical_dates_unavailable,Resolve missing contract evidence and listed conflicts; do not backfill
8b35ccf30f40d945,,True,True,True,True,OPERATIONAL_ACTIVE,AMBIGUOUS,ativo,True,Diamond,,,,,,,,False,60,,no_verified_match,exact_UI_document_id; explicit_student_role,contract_link_and_critical_dates_unavailable,Resolve missing contract evidence and listed conflicts; do not backfill
935f2ca672bbc25b,,True,True,True,True,OPERATIONAL_ACTIVE,AMBIGUOUS,ativo,True,Gold,,,,,,,,False,38,,no_verified_match,exact_UI_document_id; explicit_student_role,contract_link_and_critical_dates_unavailable,Resolve missing contract evidence and listed conflicts; do not backfill
72839048c3fe1474,,True,True,True,True,OPERATIONAL_ACTIVE,AMBIGUOUS,ativo,True,Turma,,,,,,,,False,23,,no_verified_match,exact_UI_document_id; explicit_student_role,contract_link_and_critical_dates_unavailable,Resolve missing contract evidence and listed conflicts; do not backfill
f4f7cfc88543dd52,,True,True,True,True,OPERATIONAL_ACTIVE,AMBIGUOUS,ativo,True,Gold,,,,,,,,False,12,,no_verified_match,exact_UI_document_id; explicit_student_role,contract_link_and_critical_dates_unavailable,Resolve missing contract evidence and listed conflicts; do not backfill
831403888eb65e08,,True,True,True,True,OPERATIONAL_ACTIVE,AMBIGUOUS,ativo,True,Diamond,,,,,,,,False,53,,no_verified_match,exact_UI_document_id; explicit_student_role,contract_link_and_critical_dates_unavailable,Resolve missing contract evidence and listed conflicts; do not backfill
3b97e3ee11bbae16,,True,True,True,True,OPERATIONAL_ACTIVE,AMBIGUOUS,ativo,True,Premium,,,,,,,,False,24,,no_verified_match,exact_UI_document_id; explicit_student_role,contract_link_and_critical_dates_unavailable,Resolve missing contract evidence and listed conflicts; do not backfill
e37eaf9c7fc7d875,,True,True,True,True,OPERATIONAL_ACTIVE,AMBIGUOUS,ativo,True,Gold,,,,,,,,False,36,,no_verified_match,exact_UI_document_id; explicit_student_role,contract_link_and_critical_dates_unavailable,Resolve missing contract evidence and listed conflicts; do not backfill
996721ff550cddf2,,True,True,True,True,OPERATIONAL_ACTIVE,AMBIGUOUS,ativo,True,Premium,,,,,,,,False,23,,no_verified_match,exact_UI_document_id; explicit_student_role,contract_link_and_critical_dates_unavailable,Resolve missing contract evidence and listed conflicts; do not backfill
c87067748b981e29,,True,True,True,True,OPERATIONAL_ACTIVE,AMBIGUOUS,ativo,True,Diamond,,,,,,,,False,32,,no_verified_match,exact_UI_document_id; explicit_student_role,contract_link_and_critical_dates_unavailable,Resolve missing contract evidence and listed conflicts; do not backfill
94ac72e52a5e058d,,True,True,True,True,OPERATIONAL_ACTIVE,AMBIGUOUS,ativo,True,Gold,,,,,,,,False,12,,no_verified_match,exact_UI_document_id; explicit_student_role,contract_link_and_critical_dates_unavailable,Resolve missing contract evidence and listed conflicts; do not backfill
56bb06521d12c45a,,True,True,True,True,OPERATIONAL_ACTIVE,AMBIGUOUS,ativo,True,Diamond,,,,,,,,False,46,,no_verified_match,exact_UI_document_id; explicit_student_role,contract_link_and_critical_dates_unavailable,Resolve missing contract evidence and listed conflicts; do not backfill
7905180c6f632a33,,True,True,True,True,OPERATIONAL_ACTIVE,AMBIGUOUS,ativo,True,Premium,,,,,,,,False,24,,no_verified_match,exact_UI_document_id; explicit_student_role,contract_link_and_critical_dates_unavailable,Resolve missing contract evidence and listed conflicts; do not backfill
4426433d37045c90,,True,True,True,True,OPERATIONAL_ACTIVE,AMBIGUOUS,ativo,True,Turma,,,,,,,,False,23,,no_verified_match,exact_UI_document_id; explicit_student_role,contract_link_and_critical_dates_unavailable,Resolve missing contract evidence and listed conflicts; do not backfill
ef624dbeb36c9e39,,True,True,True,True,OPERATIONAL_ACTIVE,AMBIGUOUS,ativo,True,Diamond,,,,,,,,False,62,,no_verified_match,exact_UI_document_id; explicit_student_role,contract_link_and_critical_dates_unavailable,Resolve missing contract evidence and listed conflicts; do not backfill
eb0010cc95751f41,,True,True,True,True,OPERATIONAL_ACTIVE,AMBIGUOUS,ativo,True,,,,,,,,,False,0,,no_verified_match,exact_UI_document_id; explicit_student_role,contract_link_and_critical_dates_unavailable|missing_plan,Resolve missing contract evidence and listed conflicts; do not backfill
8389e4ed9c64ab62,,True,True,True,True,OPERATIONAL_ACTIVE,AMBIGUOUS,ativo,True,,,,,,,,,False,0,,no_verified_match,exact_UI_document_id; explicit_student_role,contract_link_and_critical_dates_unavailable|missing_plan,Resolve missing contract evidence and listed conflicts; do not backfill
68a1f8eb1b17a522,,True,True,True,True,OPERATIONAL_SUSPENDED,CONFLICT,ativo,True,Turma,,,,,2026-06-19T03:00:00.000Z,2026-08-19T03:00:00.000Z,,True,47,,no_verified_match,exact_UI_document_id; explicit_student_role,contract_link_and_critical_dates_unavailable|past_notice_end_without_effectivation_while_active,Resolve missing contract evidence and listed conflicts; do not backfill
188b2a0ec72003ae,,True,True,True,True,OPERATIONAL_ACTIVE,AMBIGUOUS,ativo,True,Turma,,,,,,,,False,24,,no_verified_match,exact_UI_document_id; explicit_student_role,contract_link_and_critical_dates_unavailable,Resolve missing contract evidence and listed conflicts; do not backfill
643bef3538afcad8,,True,True,True,True,OPERATIONAL_ACTIVE,AMBIGUOUS,ativo,True,Gold,,,,,,,,False,23,,no_verified_match,exact_UI_document_id; explicit_student_role,contract_link_and_critical_dates_unavailable,Resolve missing contract evidence and listed conflicts; do not backfill
191dc31e85173b49,,True,True,True,True,OPERATIONAL_ACTIVE,AMBIGUOUS,ativo,True,Diamond,,,,,,,,False,60,,no_verified_match,exact_UI_document_id; explicit_student_role,contract_link_and_critical_dates_unavailable,Resolve missing contract evidence and listed conflicts; do not backfill
d8c0bc99f9d46427,,True,True,True,True,OPERATIONAL_ACTIVE,AMBIGUOUS,ativo,True,Gold,,,,,,,,False,35,,no_verified_match,exact_UI_document_id; explicit_student_role,contract_link_and_critical_dates_unavailable,Resolve missing contract evidence and listed conflicts; do not backfill
a2c7aebc836afbb7,,True,True,True,True,OPERATIONAL_ACTIVE,AMBIGUOUS,ativo,True,Gold,,,,,,,,False,36,,no_verified_match,exact_UI_document_id; explicit_student_role,contract_link_and_critical_dates_unavailable,Resolve missing contract evidence and listed conflicts; do not backfill
d06a9cdb83aa38f4,,True,True,True,True,OPERATIONAL_ACTIVE,AMBIGUOUS,ativo,True,Diamond,,,,,,,,False,55,,no_verified_match,exact_UI_document_id; explicit_student_role,contract_link_and_critical_dates_unavailable,Resolve missing contract evidence and listed conflicts; do not backfill
6556f5c4b3590cc4,,True,True,True,True,OPERATIONAL_ACTIVE,AMBIGUOUS,ativo,True,Diamond,,,,,,,,False,55,,no_verified_match,exact_UI_document_id; explicit_student_role,contract_link_and_critical_dates_unavailable,Resolve missing contract evidence and listed conflicts; do not backfill
3f0e2f3e725401bd,,True,True,True,True,OPERATIONAL_ACTIVE,AMBIGUOUS,ativo,True,Diamond,,,,,,,,False,60,,no_verified_match,exact_UI_document_id; explicit_student_role,contract_link_and_critical_dates_unavailable,Resolve missing contract evidence and listed conflicts; do not backfill
e9428fb77a199012,,True,True,True,True,OPERATIONAL_ACTIVE,AMBIGUOUS,ativo,True,Diamond,,,,,,,,False,58,,no_verified_match,exact_UI_document_id; explicit_student_role,contract_link_and_critical_dates_unavailable,Resolve missing contract evidence and listed conflicts; do not backfill
8c204bc0954be364,,True,True,True,True,OPERATIONAL_ACTIVE,AMBIGUOUS,ativo,True,Diamond,,,,,,,,False,45,,no_verified_match,exact_UI_document_id; explicit_student_role,contract_link_and_critical_dates_unavailable,Resolve missing contract evidence and listed conflicts; do not backfill
e0ece86382bc08b3,,True,True,True,True,OPERATIONAL_ACTIVE,AMBIGUOUS,ativo,True,,,,,,,,,False,0,,no_verified_match,exact_UI_document_id; explicit_student_role,contract_link_and_critical_dates_unavailable|missing_plan,Resolve missing contract evidence and listed conflicts; do not backfill
2a4b6d5307572057,,True,True,True,True,UNKNOWN,AMBIGUOUS,ativo,True,,,,,,2026-07-16T03:00:00.000Z,,,False,0,,no_verified_match,exact_UI_document_id; explicit_student_role,contract_link_and_critical_dates_unavailable|missing_plan|operational_eligibility_requires_review,Resolve missing contract evidence and listed conflicts; do not backfill
519b31f565af5474,,True,True,True,True,OPERATIONAL_ACTIVE,AMBIGUOUS,ativo,True,Diamond,,,,,,,,False,55,8ef8633db5da82b9,unique_normalized_email_both_sources,exact_UI_document_id; explicit_student_role,contract_link_and_critical_dates_unavailable,Resolve missing contract evidence and listed conflicts; do not backfill
dabb6deeaa7a84fe,,True,True,True,True,OPERATIONAL_ACTIVE,AMBIGUOUS,ativo,True,Gold,,,,,,,,False,33,,no_verified_match,exact_UI_document_id; explicit_student_role,contract_link_and_critical_dates_unavailable,Resolve missing contract evidence and listed conflicts; do not backfill
c70935bf150a9878,,True,True,True,True,OPERATIONAL_ACTIVE,AMBIGUOUS,ativo,True,Gold,,,,,,,,False,34,,no_verified_match,exact_UI_document_id; explicit_student_role,contract_link_and_critical_dates_unavailable,Resolve missing contract evidence and listed conflicts; do not backfill
b617de2b461e73c5,,True,True,True,True,OPERATIONAL_ACTIVE,AMBIGUOUS,ativo,True,Diamond,,,,,,,,False,54,,no_verified_match,exact_UI_document_id; explicit_student_role,contract_link_and_critical_dates_unavailable,Resolve missing contract evidence and listed conflicts; do not backfill
bc148518911e314e,,True,True,True,True,OPERATIONAL_ACTIVE,AMBIGUOUS,ativo,True,Gold,,,,,,,,False,36,,no_verified_match,exact_UI_document_id; explicit_student_role,contract_link_and_critical_dates_unavailable,Resolve missing contract evidence and listed conflicts; do not backfill
45b25d5ae2cee718,,True,True,True,True,OPERATIONAL_ACTIVE,AMBIGUOUS,ativo,True,Diamond,,,,,,,,False,60,,no_verified_match,exact_UI_document_id; explicit_student_role,contract_link_and_critical_dates_unavailable,Resolve missing contract evidence and listed conflicts; do not backfill
43d2a28cb5407ec6,,True,True,True,True,OPERATIONAL_ACTIVE,AMBIGUOUS,ativo,True,Diamond,,,,,,,,False,32,,no_verified_match,exact_UI_document_id; explicit_student_role,contract_link_and_critical_dates_unavailable,Resolve missing contract evidence and listed conflicts; do not backfill
51016cd4100c9b9a,,True,True,True,True,OPERATIONAL_SUSPENDED,AMBIGUOUS,ativo,True,Diamond,,,,,2026-07-27T03:00:00.000Z,,,True,34,,no_verified_match,exact_UI_document_id; explicit_student_role,contract_link_and_critical_dates_unavailable,Resolve missing contract evidence and listed conflicts; do not backfill
25307b24f2a8f0ee,,True,True,True,True,OPERATIONAL_ACTIVE,AMBIGUOUS,ativo,True,Gold,,,,,,,,False,23,,no_verified_match,exact_UI_document_id; explicit_student_role,contract_link_and_critical_dates_unavailable,Resolve missing contract evidence and listed conflicts; do not backfill
b30ea0470861b9ef,,True,True,True,True,OPERATIONAL_ACTIVE,AMBIGUOUS,ativo,True,,,,,,,,,False,0,,no_verified_match,exact_UI_document_id; explicit_student_role,contract_link_and_critical_dates_unavailable|missing_plan,Resolve missing contract evidence and listed conflicts; do not backfill
9539b45947ff5c6c,,True,True,True,True,OPERATIONAL_ACTIVE,AMBIGUOUS,ativo,True,,,,,,,,,False,0,,no_verified_match,exact_UI_document_id; explicit_student_role,contract_link_and_critical_dates_unavailable|missing_plan,Resolve missing contract evidence and listed conflicts; do not backfill
68c49d7c299aa4d7,,True,True,True,True,OPERATIONAL_ACTIVE,AMBIGUOUS,ativo,True,Diamond,,,,,,,,False,60,,no_verified_match,exact_UI_document_id; explicit_student_role,contract_link_and_critical_dates_unavailable,Resolve missing contract evidence and listed conflicts; do not backfill
21e15f7cec481948,,True,True,True,True,OPERATIONAL_ACTIVE,AMBIGUOUS,ativo,True,Diamond,,,,,,,,False,58,,no_verified_match,exact_UI_document_id; explicit_student_role,contract_link_and_critical_dates_unavailable,Resolve missing contract evidence and listed conflicts; do not backfill
a78c738c7e3e2b8b,,True,True,True,True,OPERATIONAL_ACTIVE,AMBIGUOUS,ativo,True,,,,,,,,,False,0,,no_verified_match,exact_UI_document_id; explicit_student_role,contract_link_and_critical_dates_unavailable|missing_plan,Resolve missing contract evidence and listed conflicts; do not backfill
3c1e4fb8471dbfca,,True,True,True,True,OPERATIONAL_ACTIVE,AMBIGUOUS,ativo,True,,,,,,,,,False,0,,no_verified_match,exact_UI_document_id; explicit_student_role,contract_link_and_critical_dates_unavailable|missing_plan,Resolve missing contract evidence and listed conflicts; do not backfill
6bdfb76a29d500c3,,True,True,True,True,OPERATIONAL_ACTIVE,AMBIGUOUS,ativo,True,,,,,,,,,False,0,,no_verified_match,exact_UI_document_id; explicit_student_role,contract_link_and_critical_dates_unavailable|missing_plan,Resolve missing contract evidence and listed conflicts; do not backfill
207c7fda57468a13,,True,True,True,True,OPERATIONAL_ACTIVE,AMBIGUOUS,ativo,True,,,,,,,,,False,0,,no_verified_match,exact_UI_document_id; explicit_student_role,contract_link_and_critical_dates_unavailable|missing_plan,Resolve missing contract evidence and listed conflicts; do not backfill
5d22d6b16d5d61cd,,True,True,True,True,OPERATIONAL_ACTIVE,AMBIGUOUS,ativo,True,Gold,,,,,,,,False,118,,no_verified_match,exact_UI_document_id; explicit_student_role,contract_link_and_critical_dates_unavailable,Resolve missing contract evidence and listed conflicts; do not backfill
91b652f81c126fa7,,True,True,True,True,OPERATIONAL_ACTIVE,AMBIGUOUS,ativo,True,Diamond,,,,,,,,False,48,,no_verified_match,exact_UI_document_id; explicit_student_role,contract_link_and_critical_dates_unavailable,Resolve missing contract evidence and listed conflicts; do not backfill
5f2ffb7b9be49a4e,,True,True,True,True,OPERATIONAL_ACTIVE,AMBIGUOUS,ativo,True,,,,,,,,,False,0,,no_verified_match,exact_UI_document_id; explicit_student_role,contract_link_and_critical_dates_unavailable|missing_plan,Resolve missing contract evidence and listed conflicts; do not backfill
cda44b07998ae1d4,,True,True,True,True,OPERATIONAL_ACTIVE,AMBIGUOUS,ativo,True,Diamond,,,,,,,,False,35,,no_verified_match,exact_UI_document_id; explicit_student_role,contract_link_and_critical_dates_unavailable,Resolve missing contract evidence and listed conflicts; do not backfill
872d3acef6df3717,,True,True,True,True,OPERATIONAL_SUSPENDED,CONFLICT,ativo,True,Gold,,,,,2026-06-29T03:00:00.000Z,2026-08-29T03:00:00.000Z,,True,73,,no_verified_match,exact_UI_document_id; explicit_student_role,contract_link_and_critical_dates_unavailable|past_notice_end_without_effectivation_while_active,Resolve missing contract evidence and listed conflicts; do not backfill
8c47581e5aa1228f,,True,True,True,True,OPERATIONAL_ACTIVE,AMBIGUOUS,ativo,True,Diamond,,,,,,,,False,60,,no_verified_match,exact_UI_document_id; explicit_student_role,contract_link_and_critical_dates_unavailable,Resolve missing contract evidence and listed conflicts; do not backfill
e7ee9c55a45b9d9e,,True,True,True,True,OPERATIONAL_ACTIVE,AMBIGUOUS,ativo,True,Diamond,,,,,,,,False,53,,no_verified_match,exact_UI_document_id; explicit_student_role,contract_link_and_critical_dates_unavailable,Resolve missing contract evidence and listed conflicts; do not backfill
b97169df41565e70,,True,True,True,True,OPERATIONAL_SUSPENDED,CONFLICT,ativo,True,Turma,,,,,2026-07-15T03:00:00.000Z,2026-08-15T03:00:00.000Z,,True,0,,no_verified_match,exact_UI_document_id; explicit_student_role,contract_link_and_critical_dates_unavailable|past_notice_end_without_effectivation_while_active,Resolve missing contract evidence and listed conflicts; do not backfill
8b4ea6d73efd881e,,True,True,True,True,UNKNOWN,AMBIGUOUS,ativo,True,,,,,,2026-07-21T03:00:00.000Z,,,False,0,,no_verified_match,exact_UI_document_id; explicit_student_role,contract_link_and_critical_dates_unavailable|missing_plan|operational_eligibility_requires_review,Resolve missing contract evidence and listed conflicts; do not backfill
9205ead34add02b8,,True,True,True,True,OPERATIONAL_ACTIVE,AMBIGUOUS,ativo,True,,,,,,,,,False,0,,no_verified_match,exact_UI_document_id; explicit_student_role,contract_link_and_critical_dates_unavailable|missing_plan,Resolve missing contract evidence and listed conflicts; do not backfill
2e22e91ef68aed9b,,True,True,True,True,OPERATIONAL_ACTIVE,AMBIGUOUS,ativo,True,Diamond,,,,,,,,False,0,,no_verified_match,exact_UI_document_id; explicit_student_role,contract_link_and_critical_dates_unavailable,Resolve missing contract evidence and listed conflicts; do not backfill
7a0517ca1e1a269a,,True,True,True,True,OPERATIONAL_ACTIVE,AMBIGUOUS,ativo,True,Diamond,,,,,,,,False,117,,no_verified_match,exact_UI_document_id; explicit_student_role,contract_link_and_critical_dates_unavailable,Resolve missing contract evidence and listed conflicts; do not backfill
e57193260eb295fb,,True,True,True,True,OPERATIONAL_ACTIVE,AMBIGUOUS,ativo,True,,,,,,,,,False,0,,no_verified_match,exact_UI_document_id; explicit_student_role,contract_link_and_critical_dates_unavailable|missing_plan,Resolve missing contract evidence and listed conflicts; do not backfill
a109a12bc7f61189,,True,True,True,True,OPERATIONAL_ACTIVE,AMBIGUOUS,ativo,True,Gold,,,,,,,,False,34,,no_verified_match,exact_UI_document_id; explicit_student_role,contract_link_and_critical_dates_unavailable,Resolve missing contract evidence and listed conflicts; do not backfill
a387ebd7543fdd8e,,True,True,True,True,OPERATIONAL_ACTIVE,AMBIGUOUS,ativo,True,Premium,,,,,,,,False,22,,no_verified_match,exact_UI_document_id; explicit_student_role,contract_link_and_critical_dates_unavailable,Resolve missing contract evidence and listed conflicts; do not backfill
b0bdc505709556f2,,True,True,True,True,OPERATIONAL_ACTIVE,AMBIGUOUS,ativo,True,Diamond,,,,,,,,False,55,,no_verified_match,exact_UI_document_id; explicit_student_role,contract_link_and_critical_dates_unavailable,Resolve missing contract evidence and listed conflicts; do not backfill
9e1a60cab2ce7011,,True,True,True,True,OPERATIONAL_ACTIVE,AMBIGUOUS,ativo,True,Diamond,,,,,,,,False,62,a8ee93ac4b1601bb,unique_normalized_email_both_sources,exact_UI_document_id; explicit_student_role,contract_link_and_critical_dates_unavailable,Resolve missing contract evidence and listed conflicts; do not backfill
d13cb8e054741b53,,True,True,True,True,OPERATIONAL_ACTIVE,AMBIGUOUS,ativo,True,,,,,,,,,False,0,,no_verified_match,exact_UI_document_id; explicit_student_role,contract_link_and_critical_dates_unavailable|missing_plan,Resolve missing contract evidence and listed conflicts; do not backfill
994185209539a46e,,True,True,True,True,OPERATIONAL_ACTIVE,AMBIGUOUS,ativo,True,,,,,,,,,False,0,,no_verified_match,exact_UI_document_id; explicit_student_role,contract_link_and_critical_dates_unavailable|missing_plan,Resolve missing contract evidence and listed conflicts; do not backfill
a9bf39d21614f383,,True,True,True,True,OPERATIONAL_ACTIVE,AMBIGUOUS,ativo,True,Diamond,,,,,,,,False,60,,no_verified_match,exact_UI_document_id; explicit_student_role,contract_link_and_critical_dates_unavailable,Resolve missing contract evidence and listed conflicts; do not backfill
1169f45ac490b78b,,True,True,True,True,OPERATIONAL_ACTIVE,AMBIGUOUS,ativo,True,Diamond,,,,,,,,False,175,,no_verified_match,exact_UI_document_id; explicit_student_role,contract_link_and_critical_dates_unavailable,Resolve missing contract evidence and listed conflicts; do not backfill
ac9d22d3e21c551a,,True,True,True,True,OPERATIONAL_ACTIVE,AMBIGUOUS,ativo,True,Diamond,,,,,,,,False,60,,no_verified_match,exact_UI_document_id; explicit_student_role,contract_link_and_critical_dates_unavailable,Resolve missing contract evidence and listed conflicts; do not backfill
42c9720447e345da,,True,True,True,True,OPERATIONAL_ACTIVE,AMBIGUOUS,ativo,True,Gold,,,,,,,,False,34,,no_verified_match,exact_UI_document_id; explicit_student_role,contract_link_and_critical_dates_unavailable,Resolve missing contract evidence and listed conflicts; do not backfill
6cd0401404fad712,,True,True,True,True,OPERATIONAL_ACTIVE,AMBIGUOUS,ativo,True,Diamond,,,,,,,,False,60,,no_verified_match,exact_UI_document_id; explicit_student_role,contract_link_and_critical_dates_unavailable,Resolve missing contract evidence and listed conflicts; do not backfill
be5c0db205ad5ba7,,True,True,True,True,OPERATIONAL_ACTIVE,AMBIGUOUS,ativo,True,Premium,,,,,,,,False,12,,no_verified_match,exact_UI_document_id; explicit_student_role,contract_link_and_critical_dates_unavailable,Resolve missing contract evidence and listed conflicts; do not backfill
8b7c9f05ff16f0fc,,True,True,True,True,OPERATIONAL_ACTIVE,AMBIGUOUS,ativo,True,Premium,,,,,,,,False,0,,no_verified_match,exact_UI_document_id; explicit_student_role,contract_link_and_critical_dates_unavailable,Resolve missing contract evidence and listed conflicts; do not backfill
53137b0703cc6480,,True,True,True,True,OPERATIONAL_SUSPENDED,AMBIGUOUS,ativo,True,Premium,,,,,2026-06-22T03:00:00.000Z,,,True,21,,no_verified_match,exact_UI_document_id; explicit_student_role,contract_link_and_critical_dates_unavailable,Resolve missing contract evidence and listed conflicts; do not backfill
08c788641eca41ff,,True,True,True,True,OPERATIONAL_ACTIVE,AMBIGUOUS,ativo,True,Turma,,,,,,,,False,34,,no_verified_match,exact_UI_document_id; explicit_student_role,contract_link_and_critical_dates_unavailable,Resolve missing contract evidence and listed conflicts; do not backfill
f936770f28b27aa3,,True,True,True,True,OPERATIONAL_ACTIVE,AMBIGUOUS,ativo,True,Diamond,,,,,,,,False,63,,no_verified_match,exact_UI_document_id; explicit_student_role,contract_link_and_critical_dates_unavailable,Resolve missing contract evidence and listed conflicts; do not backfill
ba3d116a5c5248e5,,True,True,True,True,OPERATIONAL_ACTIVE,AMBIGUOUS,ativo,True,Turma,,,,,,,,False,48,,no_verified_match,exact_UI_document_id; explicit_student_role,contract_link_and_critical_dates_unavailable,Resolve missing contract evidence and listed conflicts; do not backfill
9318832bec28d752,,True,True,True,True,OPERATIONAL_ACTIVE,AMBIGUOUS,ativo,True,,,,,,,,,False,0,,no_verified_match,exact_UI_document_id; explicit_student_role,contract_link_and_critical_dates_unavailable|missing_plan,Resolve missing contract evidence and listed conflicts; do not backfill
e8dcb3f9c2d851a7,,True,True,True,True,OPERATIONAL_ACTIVE,AMBIGUOUS,ativo,True,Diamond,,,,,,,,False,55,,no_verified_match,exact_UI_document_id; explicit_student_role,contract_link_and_critical_dates_unavailable,Resolve missing contract evidence and listed conflicts; do not backfill
77d9c97f3856dafd,,True,True,True,True,OPERATIONAL_ACTIVE,AMBIGUOUS,ativo,True,,,,,,,,,False,0,,no_verified_match,exact_UI_document_id; explicit_student_role,contract_link_and_critical_dates_unavailable|missing_plan,Resolve missing contract evidence and listed conflicts; do not backfill
b0f3ce4f95412f94,,True,True,True,True,OPERATIONAL_ACTIVE,AMBIGUOUS,ativo,True,Diamond,,,,,,,,False,60,,no_verified_match,exact_UI_document_id; explicit_student_role,contract_link_and_critical_dates_unavailable,Resolve missing contract evidence and listed conflicts; do not backfill
d4aca3e0f45b3414,,True,True,True,True,OPERATIONAL_ACTIVE,AMBIGUOUS,ativo,True,Diamond,,,,,,,,False,55,,no_verified_match,exact_UI_document_id; explicit_student_role,contract_link_and_critical_dates_unavailable,Resolve missing contract evidence and listed conflicts; do not backfill
0cbef6d40744deed,,True,True,True,True,OPERATIONAL_ACTIVE,AMBIGUOUS,ativo,True,Gold,,,,,,,,False,34,,no_verified_match,exact_UI_document_id; explicit_student_role,contract_link_and_critical_dates_unavailable,Resolve missing contract evidence and listed conflicts; do not backfill
59a91a28ade7b015,,True,True,True,True,OPERATIONAL_ACTIVE,AMBIGUOUS,ativo,True,,,,,,,,,False,0,,no_verified_match,exact_UI_document_id; explicit_student_role,contract_link_and_critical_dates_unavailable|missing_plan,Resolve missing contract evidence and listed conflicts; do not backfill
7b34cb71f3a41bde,,True,True,True,True,OPERATIONAL_ACTIVE,AMBIGUOUS,ativo,True,Diamond,,,,,,,,False,55,,no_verified_match,exact_UI_document_id; explicit_student_role,contract_link_and_critical_dates_unavailable,Resolve missing contract evidence and listed conflicts; do not backfill
6e8d87ccd2ed6f25,,True,True,True,True,OPERATIONAL_SUSPENDED,AMBIGUOUS,ativo,True,Turma,,,,,2026-07-20T03:00:00.000Z,2026-09-20T03:00:00.000Z,,True,22,,no_verified_match,exact_UI_document_id; explicit_student_role,contract_link_and_critical_dates_unavailable,Resolve missing contract evidence and listed conflicts; do not backfill
e7e0b5014fc7eba9,,True,True,True,True,OPERATIONAL_ACTIVE,AMBIGUOUS,ativo,True,Gold,,,,,,,,False,34,,no_verified_match,exact_UI_document_id; explicit_student_role,contract_link_and_critical_dates_unavailable,Resolve missing contract evidence and listed conflicts; do not backfill
f4f793a5994a772a,,True,True,True,True,OPERATIONAL_ACTIVE,AMBIGUOUS,ativo,True,Diamond,,,,,,,,False,60,,no_verified_match,exact_UI_document_id; explicit_student_role,contract_link_and_critical_dates_unavailable,Resolve missing contract evidence and listed conflicts; do not backfill
510aae49be546518,,True,True,True,True,OPERATIONAL_ACTIVE,AMBIGUOUS,ativo,True,Gold,,,,,,,,False,36,,no_verified_match,exact_UI_document_id; explicit_student_role,contract_link_and_critical_dates_unavailable,Resolve missing contract evidence and listed conflicts; do not backfill
27d7aa206fffce90,,True,True,True,True,OPERATIONAL_ACTIVE,AMBIGUOUS,ativo,True,Gold,,,,,,,,False,55,,no_verified_match,exact_UI_document_id; explicit_student_role,contract_link_and_critical_dates_unavailable,Resolve missing contract evidence and listed conflicts; do not backfill
8863250bf16425be,,True,True,True,True,OPERATIONAL_ACTIVE,AMBIGUOUS,ativo,True,,,,,,,,,False,0,,no_verified_match,exact_UI_document_id; explicit_student_role,contract_link_and_critical_dates_unavailable|missing_plan,Resolve missing contract evidence and listed conflicts; do not backfill
f3a760657b4bd345,,True,True,True,True,OPERATIONAL_ACTIVE,AMBIGUOUS,ativo,True,Gold,,,,,,,,False,22,,no_verified_match,exact_UI_document_id; explicit_student_role,contract_link_and_critical_dates_unavailable,Resolve missing contract evidence and listed conflicts; do not backfill
a560b3f246fd9cda,,True,True,True,True,OPERATIONAL_ACTIVE,AMBIGUOUS,ativo,True,Gold,,,,,,,,False,23,,no_verified_match,exact_UI_document_id; explicit_student_role,contract_link_and_critical_dates_unavailable,Resolve missing contract evidence and listed conflicts; do not backfill
b5999764422a451f,,True,True,True,True,OPERATIONAL_ACTIVE,AMBIGUOUS,ativo,True,Gold,,,,,,,,False,35,,no_verified_match,exact_UI_document_id; explicit_student_role,contract_link_and_critical_dates_unavailable,Resolve missing contract evidence and listed conflicts; do not backfill
a66e5ee501572ad1,,True,True,True,True,OPERATIONAL_ACTIVE,AMBIGUOUS,ativo,True,,,,,,,,,False,0,,no_verified_match,exact_UI_document_id; explicit_student_role,contract_link_and_critical_dates_unavailable|missing_plan,Resolve missing contract evidence and listed conflicts; do not backfill
ee2e09ffcb66026b,,True,True,True,True,OPERATIONAL_ACTIVE,AMBIGUOUS,ativo,True,Turma,,,,,,,,False,23,,no_verified_match,exact_UI_document_id; explicit_student_role,contract_link_and_critical_dates_unavailable,Resolve missing contract evidence and listed conflicts; do not backfill
6c959ab4360d1678,,True,True,True,True,OPERATIONAL_ACTIVE,AMBIGUOUS,ativo,True,Diamond,,,,,,,,False,60,,no_verified_match,exact_UI_document_id; explicit_student_role,contract_link_and_critical_dates_unavailable,Resolve missing contract evidence and listed conflicts; do not backfill
14e44d7a696f348d,,True,True,True,True,OPERATIONAL_ACTIVE,AMBIGUOUS,ativo,True,Diamond,,,,,,,,False,55,f22d376f3773f050,unique_normalized_email_both_sources,exact_UI_document_id; explicit_student_role,contract_link_and_critical_dates_unavailable,Resolve missing contract evidence and listed conflicts; do not backfill
8b37a3455ac87a63,,True,True,True,True,OPERATIONAL_ACTIVE,AMBIGUOUS,ativo,True,Gold,,,,,,,,False,72,,no_verified_match,exact_UI_document_id; explicit_student_role,contract_link_and_critical_dates_unavailable,Resolve missing contract evidence and listed conflicts; do not backfill
3db821037b80d6ea,,True,True,True,True,OPERATIONAL_SUSPENDED,CONFLICT,ativo,True,Gold,,,,,2026-07-22T03:00:00.000Z,2026-08-15T03:00:00.000Z,,True,33,9610fed747114b63,unique_normalized_email_both_sources,exact_UI_document_id; explicit_student_role,contract_link_and_critical_dates_unavailable|past_notice_end_without_effectivation_while_active,Resolve missing contract evidence and listed conflicts; do not backfill
030ae7480b8e7bea,,True,True,True,True,OPERATIONAL_ACTIVE,AMBIGUOUS,ativo,True,,,,,,,,,False,0,,no_verified_match,exact_UI_document_id; explicit_student_role,contract_link_and_critical_dates_unavailable|missing_plan,Resolve missing contract evidence and listed conflicts; do not backfill
fcb1b70d72df2718,,True,True,True,True,OPERATIONAL_ACTIVE,AMBIGUOUS,ativo,True,Diamond,,,,,,,,False,55,,no_verified_match,exact_UI_document_id; explicit_student_role,contract_link_and_critical_dates_unavailable,Resolve missing contract evidence and listed conflicts; do not backfill
1af3c347b9f4803c,,True,True,True,True,OPERATIONAL_SUSPENDED,CONFLICT,ativo,True,Turma,,,,,2026-07-11T03:00:00.000Z,2026-09-11T03:00:00.000Z,,True,21,,no_verified_match,exact_UI_document_id; explicit_student_role,contract_link_and_critical_dates_unavailable|past_notice_end_without_effectivation_while_active,Resolve missing contract evidence and listed conflicts; do not backfill
5353e7e37a04e263,,True,True,True,True,OPERATIONAL_ACTIVE,AMBIGUOUS,ativo,True,Diamond,,,,,,,,False,65,,no_verified_match,exact_UI_document_id; explicit_student_role,contract_link_and_critical_dates_unavailable,Resolve missing contract evidence and listed conflicts; do not backfill
e43b51bf06729df7,,True,True,True,True,OPERATIONAL_ACTIVE,AMBIGUOUS,ativo,True,Gold,,,,,,,,False,35,,no_verified_match,exact_UI_document_id; explicit_student_role,contract_link_and_critical_dates_unavailable,Resolve missing contract evidence and listed conflicts; do not backfill
89f9090e78586352,,True,True,True,True,OPERATIONAL_ACTIVE,AMBIGUOUS,ativo,True,Gold,,,,,,,,False,34,,no_verified_match,exact_UI_document_id; explicit_student_role,contract_link_and_critical_dates_unavailable,Resolve missing contract evidence and listed conflicts; do not backfill
4b77612c9bb93a21,,True,True,True,True,UNKNOWN,AMBIGUOUS,ativo,True,,,,,,2026-07-21T03:00:00.000Z,,,False,0,,no_verified_match,exact_UI_document_id; explicit_student_role,contract_link_and_critical_dates_unavailable|missing_plan|operational_eligibility_requires_review,Resolve missing contract evidence and listed conflicts; do not backfill
d4b44cc2e8b132b7,,True,True,False,False,OPERATIONAL_ACTIVE,AMBIGUOUS,,True,Diamond,,,,12,,,,False,56,,no_verified_match,exact_UI_document_id; explicit_student_role,contract_link_and_critical_dates_unavailable,Resolve missing contract evidence and listed conflicts; do not backfill
e2c5af6fcf16bdf0,,True,True,True,True,OPERATIONAL_ACTIVE,AMBIGUOUS,ativo,True,,,,,,,,,False,0,,no_verified_match,exact_UI_document_id; explicit_student_role,contract_link_and_critical_dates_unavailable|missing_plan,Resolve missing contract evidence and listed conflicts; do not backfill
4fe28457c3b2cdf7,,True,True,True,True,OPERATIONAL_ACTIVE,AMBIGUOUS,ativo,True,Gold,,,,,,,,False,23,,no_verified_match,exact_UI_document_id; explicit_student_role,contract_link_and_critical_dates_unavailable,Resolve missing contract evidence and listed conflicts; do not backfill
9ddad0d5fb1841c5,,True,True,True,True,OPERATIONAL_ACTIVE,AMBIGUOUS,ativo,True,Gold,,,,,,,,False,34,,no_verified_match,exact_UI_document_id; explicit_student_role,contract_link_and_critical_dates_unavailable,Resolve missing contract evidence and listed conflicts; do not backfill
1c71c2bd24553b5b,,True,True,True,True,OPERATIONAL_ACTIVE,AMBIGUOUS,ativo,True,Diamond,,,,,,,,False,60,,no_verified_match,exact_UI_document_id; explicit_student_role,contract_link_and_critical_dates_unavailable,Resolve missing contract evidence and listed conflicts; do not backfill
7858899362d5c00d,,True,True,True,True,OPERATIONAL_ACTIVE,AMBIGUOUS,ativo,True,Diamond,,,,,,,,False,72,,no_verified_match,exact_UI_document_id; explicit_student_role,contract_link_and_critical_dates_unavailable,Resolve missing contract evidence and listed conflicts; do not backfill
b7731a24db20998f,,True,True,True,True,OPERATIONAL_ACTIVE,AMBIGUOUS,ativo,True,Diamond,,,,,,,,False,67,,no_verified_match,exact_UI_document_id; explicit_student_role,contract_link_and_critical_dates_unavailable,Resolve missing contract evidence and listed conflicts; do not backfill
3b1c3b5f7b1105f3,,True,True,True,True,OPERATIONAL_ACTIVE,AMBIGUOUS,ativo,True,,,,,,,,,False,0,,no_verified_match,exact_UI_document_id; explicit_student_role,contract_link_and_critical_dates_unavailable|missing_plan,Resolve missing contract evidence and listed conflicts; do not backfill
385fdfd1eeb697a4,,True,True,True,True,OPERATIONAL_ACTIVE,AMBIGUOUS,ativo,True,Diamond,,,,,,,,False,55,,no_verified_match,exact_UI_document_id; explicit_student_role,contract_link_and_critical_dates_unavailable,Resolve missing contract evidence and listed conflicts; do not backfill
1f1b4164e32d1fbd,,True,True,True,True,OPERATIONAL_ACTIVE,AMBIGUOUS,ativo,True,Diamond,,,,,,,,False,56,,no_verified_match,exact_UI_document_id; explicit_student_role,contract_link_and_critical_dates_unavailable,Resolve missing contract evidence and listed conflicts; do not backfill
6b061aed21734cbe,,True,True,True,True,OPERATIONAL_SUSPENDED,AMBIGUOUS,ativo,True,Diamond,,,,,2026-07-28T03:00:00.000Z,2026-09-28T03:00:00.000Z,,True,55,,no_verified_match,exact_UI_document_id; explicit_student_role,contract_link_and_critical_dates_unavailable,Resolve missing contract evidence and listed conflicts; do not backfill
4f95125272a8a3ae,,True,True,True,True,OPERATIONAL_ACTIVE,AMBIGUOUS,ativo,True,Gold,,,,,,,,False,72,,no_verified_match,exact_UI_document_id; explicit_student_role,contract_link_and_critical_dates_unavailable,Resolve missing contract evidence and listed conflicts; do not backfill
a378b0b69938e6f1,,True,True,True,True,OPERATIONAL_ACTIVE,AMBIGUOUS,ativo,True,,,,,,,,,False,0,,no_verified_match,exact_UI_document_id; explicit_student_role,contract_link_and_critical_dates_unavailable|missing_plan,Resolve missing contract evidence and listed conflicts; do not backfill
464b71adddf73ea2,,True,True,True,True,OPERATIONAL_ACTIVE,AMBIGUOUS,ativo,True,Gold,,,,,,,,False,36,,no_verified_match,exact_UI_document_id; explicit_student_role,contract_link_and_critical_dates_unavailable,Resolve missing contract evidence and listed conflicts; do not backfill
f47f2bdb6f46677e,,True,True,True,True,UNKNOWN,AMBIGUOUS,ativo,True,,,,,,2026-07-21T03:00:00.000Z,,,False,0,,no_verified_match,exact_UI_document_id; explicit_student_role,contract_link_and_critical_dates_unavailable|missing_plan|operational_eligibility_requires_review,Resolve missing contract evidence and listed conflicts; do not backfill
51cdcd78700e41e1,,True,True,True,True,OPERATIONAL_ACTIVE,AMBIGUOUS,ativo,True,Diamond,,,,,,,,False,55,,no_verified_match,exact_UI_document_id; explicit_student_role,contract_link_and_critical_dates_unavailable,Resolve missing contract evidence and listed conflicts; do not backfill
bc5973dfc3d52d26,,True,True,True,True,OPERATIONAL_ACTIVE,AMBIGUOUS,ativo,True,Diamond,,,,,,,,False,55,,no_verified_match,exact_UI_document_id; explicit_student_role,contract_link_and_critical_dates_unavailable,Resolve missing contract evidence and listed conflicts; do not backfill
7c72df3ce36ef9a2,,True,True,True,True,OPERATIONAL_ACTIVE,AMBIGUOUS,ativo,True,,,,,,,,,False,0,,no_verified_match,exact_UI_document_id; explicit_student_role,contract_link_and_critical_dates_unavailable|missing_plan,Resolve missing contract evidence and listed conflicts; do not backfill
60a7b20921cc6d1f,,True,True,True,True,OPERATIONAL_ACTIVE,AMBIGUOUS,ativo,True,Diamond,,,,,,,,False,58,,no_verified_match,exact_UI_document_id; explicit_student_role,contract_link_and_critical_dates_unavailable,Resolve missing contract evidence and listed conflicts; do not backfill
d663925e382d6676,,True,True,True,True,OPERATIONAL_ACTIVE,AMBIGUOUS,ativo,True,Diamond,,,,,,,,False,55,,no_verified_match,exact_UI_document_id; explicit_student_role,contract_link_and_critical_dates_unavailable,Resolve missing contract evidence and listed conflicts; do not backfill
f1fcf0458938c8da,,True,True,True,True,OPERATIONAL_ACTIVE,AMBIGUOUS,ativo,True,Premium,,,,,,,,False,12,,no_verified_match,exact_UI_document_id; explicit_student_role,contract_link_and_critical_dates_unavailable,Resolve missing contract evidence and listed conflicts; do not backfill
9750f7bb22cc03da,,True,True,True,True,OPERATIONAL_ACTIVE,AMBIGUOUS,ativo,True,Diamond,,,,,,,,False,37,,no_verified_match,exact_UI_document_id; explicit_student_role,contract_link_and_critical_dates_unavailable,Resolve missing contract evidence and listed conflicts; do not backfill
6c1e053942e3c728,,True,True,True,True,UNKNOWN,AMBIGUOUS,ativo,True,,,,,,2026-07-16T03:00:00.000Z,,,False,0,,no_verified_match,exact_UI_document_id; explicit_student_role,contract_link_and_critical_dates_unavailable|missing_plan|operational_eligibility_requires_review,Resolve missing contract evidence and listed conflicts; do not backfill
c094910e9c5ca9fa,,True,True,True,True,OPERATIONAL_ACTIVE,AMBIGUOUS,ativo,True,Diamond,,,,,,,,False,0,,no_verified_match,exact_UI_document_id; explicit_student_role,contract_link_and_critical_dates_unavailable,Resolve missing contract evidence and listed conflicts; do not backfill
6e0277eda77cb627,,True,True,True,True,OPERATIONAL_ACTIVE,AMBIGUOUS,ativo,True,Premium,,,,,,,,False,25,,no_verified_match,exact_UI_document_id; explicit_student_role,contract_link_and_critical_dates_unavailable,Resolve missing contract evidence and listed conflicts; do not backfill
4e4b0f3a98291e19,,True,True,True,True,OPERATIONAL_ACTIVE,AMBIGUOUS,ativo,True,Diamond,,,,,,,,False,64,,no_verified_match,exact_UI_document_id; explicit_student_role,contract_link_and_critical_dates_unavailable,Resolve missing contract evidence and listed conflicts; do not backfill
ad6d8ffb6d692c05,,True,True,True,True,OPERATIONAL_ACTIVE,AMBIGUOUS,ativo,True,Diamond,,,,,,,,False,58,,no_verified_match,exact_UI_document_id; explicit_student_role,contract_link_and_critical_dates_unavailable,Resolve missing contract evidence and listed conflicts; do not backfill
1cc8ace160bcc57e,,True,True,True,True,OPERATIONAL_ACTIVE,AMBIGUOUS,ativo,True,,,,,,,,,False,0,,no_verified_match,exact_UI_document_id; explicit_student_role,contract_link_and_critical_dates_unavailable|missing_plan,Resolve missing contract evidence and listed conflicts; do not backfill
0e38e1dc74a58e9b,,True,True,True,True,OPERATIONAL_ACTIVE,AMBIGUOUS,ativo,True,Diamond,,,,,,,,False,53,,no_verified_match,exact_UI_document_id; explicit_student_role,contract_link_and_critical_dates_unavailable,Resolve missing contract evidence and listed conflicts; do not backfill
da943ebbabcca19c,,True,True,True,True,OPERATIONAL_ACTIVE,AMBIGUOUS,ativo,True,Diamond,,,,,,,,False,65,,no_verified_match,exact_UI_document_id; explicit_student_role,contract_link_and_critical_dates_unavailable,Resolve missing contract evidence and listed conflicts; do not backfill
8fdad843ef071d7a,,True,True,True,True,OPERATIONAL_ACTIVE,AMBIGUOUS,ativo,True,,,,,,,,,False,0,,no_verified_match,exact_UI_document_id; explicit_student_role,contract_link_and_critical_dates_unavailable|missing_plan,Resolve missing contract evidence and listed conflicts; do not backfill
1d2051846e7bfe88,,True,True,True,True,OPERATIONAL_ACTIVE,AMBIGUOUS,ativo,True,Diamond,,,,,,,,False,58,,no_verified_match,exact_UI_document_id; explicit_student_role,contract_link_and_critical_dates_unavailable,Resolve missing contract evidence and listed conflicts; do not backfill
88e16d6bc540db7b,,True,True,True,True,OPERATIONAL_ACTIVE,AMBIGUOUS,ativo,True,Gold,,,,,,,,False,49,,no_verified_match,exact_UI_document_id; explicit_student_role,contract_link_and_critical_dates_unavailable,Resolve missing contract evidence and listed conflicts; do not backfill
90035e105d8f216c,,True,True,True,True,OPERATIONAL_ACTIVE,AMBIGUOUS,ativo,True,Premium,,,,,,,,False,23,,no_verified_match,exact_UI_document_id; explicit_student_role,contract_link_and_critical_dates_unavailable,Resolve missing contract evidence and listed conflicts; do not backfill
08e053630e8efc44,,True,True,True,True,OPERATIONAL_ACTIVE,AMBIGUOUS,ativo,True,Diamond,,,,,,,,False,59,,no_verified_match,exact_UI_document_id; explicit_student_role,contract_link_and_critical_dates_unavailable,Resolve missing contract evidence and listed conflicts; do not backfill
491d0a77557b2d3d,,True,True,True,True,OPERATIONAL_SUSPENDED,AMBIGUOUS,ativo,True,Diamond,,,,,2026-07-27T03:00:00.000Z,,,True,58,,no_verified_match,exact_UI_document_id; explicit_student_role,contract_link_and_critical_dates_unavailable,Resolve missing contract evidence and listed conflicts; do not backfill
c36b750dc9d4c771,,True,True,True,True,OPERATIONAL_ACTIVE,AMBIGUOUS,ativo,True,Diamond,,,,,,,,False,69,,no_verified_match,exact_UI_document_id; explicit_student_role,contract_link_and_critical_dates_unavailable,Resolve missing contract evidence and listed conflicts; do not backfill
f27ef3531f23f82c,,True,True,True,True,OPERATIONAL_SUSPENDED,AMBIGUOUS,ativo,True,Diamond,,,,,2026-07-20T03:00:00.000Z,,,True,55,,no_verified_match,exact_UI_document_id; explicit_student_role,contract_link_and_critical_dates_unavailable,Resolve missing contract evidence and listed conflicts; do not backfill
5b610b7b253ae613,,True,True,True,True,UNKNOWN,AMBIGUOUS,ativo,True,,,,,,2026-07-16T03:00:00.000Z,,,False,0,3dde94ece13dbb7e,unique_normalized_email_both_sources,exact_UI_document_id; explicit_student_role,contract_link_and_critical_dates_unavailable|missing_plan|operational_eligibility_requires_review,Resolve missing contract evidence and listed conflicts; do not backfill
1393d7c3c8ec1856,,True,True,True,True,OPERATIONAL_ACTIVE,AMBIGUOUS,ativo,True,Diamond,,,,,,,,False,47,4d0aa871dfe910af,unique_normalized_email_both_sources,exact_UI_document_id; explicit_student_role,contract_link_and_critical_dates_unavailable,Resolve missing contract evidence and listed conflicts; do not backfill
c3523874151ecf4d,,True,True,True,True,OPERATIONAL_ACTIVE,AMBIGUOUS,ativo,True,Diamond,,,,,,,,False,53,,no_verified_match,exact_UI_document_id; explicit_student_role,contract_link_and_critical_dates_unavailable,Resolve missing contract evidence and listed conflicts; do not backfill
2af1e3cf320904ab,,True,True,True,True,OPERATIONAL_ACTIVE,AMBIGUOUS,ativo,True,Diamond,,,,,,,,False,23,,no_verified_match,exact_UI_document_id; explicit_student_role,contract_link_and_critical_dates_unavailable,Resolve missing contract evidence and listed conflicts; do not backfill
393032670e4b8d55,,True,True,True,True,OPERATIONAL_ACTIVE,AMBIGUOUS,ativo,True,Gold,,,,,,,,False,34,,no_verified_match,exact_UI_document_id; explicit_student_role,contract_link_and_critical_dates_unavailable,Resolve missing contract evidence and listed conflicts; do not backfill
7c49d4a94485357d,,True,True,True,True,OPERATIONAL_ACTIVE,AMBIGUOUS,ativo,True,Gold,,,,,,,,False,37,,no_verified_match,exact_UI_document_id; explicit_student_role,contract_link_and_critical_dates_unavailable,Resolve missing contract evidence and listed conflicts; do not backfill
451870b099642a88,,True,True,True,True,OPERATIONAL_ACTIVE,AMBIGUOUS,ativo,True,,,,,,,,,False,0,,no_verified_match,exact_UI_document_id; explicit_student_role,contract_link_and_critical_dates_unavailable|missing_plan,Resolve missing contract evidence and listed conflicts; do not backfill
7c9434a7f0d1c48f,,True,True,True,True,OPERATIONAL_ACTIVE,AMBIGUOUS,ativo,True,Diamond,,,,,,,,False,60,,no_verified_match,exact_UI_document_id; explicit_student_role,contract_link_and_critical_dates_unavailable,Resolve missing contract evidence and listed conflicts; do not backfill
12f6362f705030f1,,True,True,True,True,OPERATIONAL_ACTIVE,AMBIGUOUS,ativo,True,Diamond,,,,,,,,False,58,,no_verified_match,exact_UI_document_id; explicit_student_role,contract_link_and_critical_dates_unavailable,Resolve missing contract evidence and listed conflicts; do not backfill
78baf8c1817166c7,,True,True,True,True,OPERATIONAL_ACTIVE,AMBIGUOUS,ativo,True,Diamond,,,,,,,,False,60,,no_verified_match,exact_UI_document_id; explicit_student_role,contract_link_and_critical_dates_unavailable,Resolve missing contract evidence and listed conflicts; do not backfill
de25ac9cdf90ba4f,,True,True,True,True,OPERATIONAL_ACTIVE,AMBIGUOUS,ativo,True,Premium,,,,,,,,False,24,,no_verified_match,exact_UI_document_id; explicit_student_role,contract_link_and_critical_dates_unavailable,Resolve missing contract evidence and listed conflicts; do not backfill
